pago_id,id_videojuego,id_usuario,id_proveedor
4643,15,106,3
5081,15,82,3
5109,15,83,3
3961,15,125,3
4024,15,89,3
4812,15,150,3
4403,15,110,3
3656,15,9,3
6225,15,135,3
3688,15,97,3
4441,15,11,3
5403,15,84,3
4272,15,79,3
4253,15,143,4
4550,15,117,4
3737,15,108,4
3760,15,116,4
5944,15,46,4
5573,15,36,4
5554,15,38,5
5422,15,136,5
3982,15,77,5
5024,15,121,5
5245,15,88,5
4172,15,112,5
4895,15,47,5
4350,16,148,1
3523,16,22,1
4945,16,128,1
6294,16,94,1
4918,16,47,1
4021,16,89,1
3482,16,102,1
4109,16,40,2
5838,16,45,2
5478,16,19,2
4260,16,79,2
5996,16,98,2
4508,16,74,2
4786,16,64,2
5331,16,32,3
4806,16,150,3
4405,16,110,3
3546,16,145,3
5734,16,80,3
6223,16,135,3
4305,16,105,3
5265,16,88,3
5079,16,82,3
4446,16,11,3
5639,16,131,3
3584,16,104,3
3774,16,116,3
4663,16,142,3
5132,16,28,4
3743,16,108,4
4128,16,54,4
3650,16,9,4
4848,16,141,4
6329,16,76,4
4959,16,111,4
5028,16,121,4
4877,16,103,4
4035,16,96,5
4607,16,120,5
3497,21,102,1
3904,21,127,1
6198,21,135,1
5038,21,121,1
4650,21,142,1
4483,21,11,1
5165,21,28,1
6126,21,140,1
4863,21,141,1
3928,21,99,2
4110,21,40,2
4624,21,120,2
5106,21,83,2
5077,21,82,2
4259,21,79,2
5515,21,38,2
5259,21,88,2
6069,21,113,2
3588,21,115,2
3693,21,97,3
4229,21,143,3
4300,21,105,3
4484,21,74,3
4927,21,47,4
3768,21,116,4
6325,21,76,4
5759,21,80,4
5627,21,131,4
4545,21,117,4
4201,21,93,4
3542,21,22,5
4749,21,124,5
5411,21,136,5
5858,37,45,1
4947,37,128,1
3906,37,127,1
5700,37,139,1
4016,37,89,1
5725,37,80,2
5262,37,88,2
6164,37,129,2
4124,37,54,2
4702,37,133,2
3646,37,9,2
5138,37,28,2
4820,37,150,2
5642,37,131,3
6228,37,135,3
4973,37,111,3
4404,37,110,3
5047,37,121,3
4743,37,124,3
4224,37,143,3
4095,37,137,3
5580,37,36,4
5498,37,91,4
5988,37,98,4
4556,37,117,4
5526,37,38,4
4859,37,141,4
4285,37,79,4
4168,37,112,5
3543,37,22,5
5168,37,85,5
4581,37,126,5
4654,38,142,1
4022,38,89,1
5696,38,139,1
4070,38,137,1
3907,38,127,1
3610,38,115,1
4105,38,40,1
4434,38,81,1
3927,38,99,2
3826,38,101,2
6343,38,100,2
5428,38,136,2
5925,38,46,2
4504,38,74,2
5843,38,45,2
5514,38,38,2
5567,38,36,4
6052,38,113,4
5834,38,147,4
3811,38,107,4
4933,38,47,4
5243,38,88,5
6176,38,130,5
5070,38,82,5
3873,38,146,5
5023,38,121,5
4043,38,96,5
6207,38,135,5
5841,39,45,2
6339,39,76,2
3710,39,97,2
5197,39,85,2
4114,39,54,2
4376,39,23,2
5995,39,98,2
4818,39,150,2
4418,39,110,2
3817,39,101,2
5656,39,86,2
4505,39,74,2
5094,39,83,2
4049,39,96,2
6102,39,140,2
5923,39,46,2
5524,39,38,4
6154,39,129,4
5895,39,69,4
5568,39,36,4
6090,39,78,4
4853,39,141,4
5607,39,134,5
4963,39,111,5
3979,39,77,5
6175,39,130,5
3539,39,22,5
4998,39,87,5
5770,40,10,1
4517,40,74,1
4480,40,11,1
6134,40,129,1
3486,40,102,1
4421,40,81,1
3752,40,108,1
6020,40,138,1
3533,40,22,1
3608,40,115,1
4788,40,64,2
4125,40,54,2
4699,40,133,2
4570,40,126,2
5935,40,46,2
4414,40,110,2
5513,40,38,2
3823,40,101,2
3893,40,127,2
5844,40,45,2
4814,40,150,3
5113,40,83,3
6226,40,135,3
5408,40,84,3
3850,40,146,3
6345,40,100,3
3544,40,145,3
3773,40,116,3
5731,40,80,3
5223,40,118,3
6288,40,94,4
5647,40,86,4
4197,40,93,4
4357,40,148,4
6094,40,78,4
6121,40,140,4
6311,40,76,5
4962,40,111,5
4898,40,47,5
5118,40,28,5
5058,40,82,5
5172,40,85,5
5905,43,69,2
3644,43,9,2
4412,43,110,2
3729,43,108,2
3830,43,101,2
5931,43,46,2
4318,43,105,4
4393,43,23,4
5798,43,119,4
4083,43,137,4
6292,43,94,4
5131,43,28,4
4039,43,96,5
4815,43,150,5
5238,43,88,5
5025,43,121,5
3934,43,99,5
3679,43,109,5
4178,43,112,5
3493,59,102,1
6259,59,95,1
4989,59,87,1
5248,59,88,1
6014,59,138,1
4428,59,81,1
4067,59,137,1
4573,59,126,2
4822,59,150,2
4779,59,64,2
3990,59,77,2
5431,59,136,2
3930,59,99,2
5936,59,46,2
5516,59,38,2
3899,59,127,2
4059,59,96,2
5813,59,30,4
4937,59,47,4
3851,59,146,4
4319,59,105,4
4202,59,93,4
4601,59,120,5
3720,59,97,5
4180,59,112,5
5057,59,82,5
6205,59,135,5
4471,59,11,5
5121,59,28,5
4078,71,137,1
6124,71,140,1
4160,71,112,1
3551,71,145,1
3876,71,146,1
3923,71,99,1
6183,71,130,1
6262,71,95,1
3637,71,9,2
6060,71,113,2
3799,71,107,2
4506,71,74,2
3815,71,101,2
4781,71,64,2
4120,71,54,2
5837,71,45,2
4568,71,126,2
3716,71,97,2
5729,71,80,2
4459,71,11,4
5279,71,88,4
4851,71,141,4
4887,71,103,4
6365,71,100,4
5719,71,139,4
5056,71,82,5
3681,71,109,5
4919,72,47,1
3529,72,22,1
3924,72,99,1
4422,72,81,1
6192,72,135,1
4158,72,112,1
3908,72,127,1
3560,72,145,1
6011,72,138,1
3491,72,102,1
5195,72,85,2
4123,72,54,2
4384,72,23,2
5093,72,83,2
4499,72,74,2
3863,72,146,2
5088,72,82,3
5224,72,118,3
4640,72,106,3
4708,72,133,3
4659,72,142,3
4271,72,79,3
5878,72,45,3
6361,72,100,3
4442,72,11,3
4306,72,105,3
4003,72,77,3
5811,72,30,4
5831,72,147,4
6056,72,113,4
4358,72,148,4
3804,72,107,4
5751,72,80,5
5208,72,123,5
5322,72,32,5
3673,72,109,5
4296,73,79,1
6305,73,94,1
5247,73,88,1
3554,73,145,1
3525,73,22,1
5711,73,139,1
4652,73,142,1
5906,73,69,1
4153,73,54,1
5521,73,38,1
4791,73,150,1
3929,73,99,2
5659,73,86,2
3643,73,9,2
5840,73,45,2
4622,73,120,2
4377,73,23,2
5928,73,46,2
4417,73,110,2
6358,73,100,3
6097,73,78,3
3687,73,97,3
6231,73,135,3
5950,73,44,3
5402,73,84,3
3611,73,115,3
4029,73,89,3
4495,73,74,3
5496,73,91,4
6149,73,129,4
4089,73,137,4
3806,73,107,4
4458,73,11,4
6116,73,140,4
5787,73,10,4
4551,73,117,4
5764,73,80,4
6173,73,130,5
6314,73,76,5
5615,73,134,5
6250,73,95,5
4902,73,47,5
4041,73,96,5
5210,73,123,5
5772,75,10,1
5911,75,69,1
4012,75,89,1
4163,75,112,1
3488,75,102,1
6201,75,135,1
5707,75,139,1
5856,75,45,1
4482,75,11,1
4876,75,103,1
3521,75,22,1
5938,75,46,1
4151,75,54,1
3959,75,125,3
4563,75,117,3
4301,75,105,3
4804,75,150,3
5089,75,82,3
4497,75,74,3
6070,75,113,3
3945,75,99,3
5454,75,136,4
3808,75,107,4
5126,75,28,4
4390,75,23,4
5348,75,13,4
6287,75,94,4
5674,75,12,4
5360,75,92,4
6150,75,129,4
5239,75,88,5
4231,75,143,5
5755,75,80,5
5017,75,121,5
6115,75,140,5
4964,75,111,5
5318,75,32,5
6171,75,130,5
6299,109,94,1
3527,109,22,1
4912,109,47,1
5164,109,28,1
3561,109,145,1
3910,109,127,1
6132,109,129,1
5282,109,149,1
4874,109,103,1
6086,109,78,4
5624,109,134,4
4463,109,11,4
4683,109,142,4
5773,109,10,4
5035,109,121,4
4552,109,117,4
3740,109,108,4
5533,109,38,4
4283,109,79,4
4192,109,93,4
5992,109,98,4
6243,109,95,5
4580,109,126,5
3682,109,109,5
5314,109,32,5
5368,113,35,1
6265,113,95,1
3489,113,102,1
6307,113,94,1
4015,113,89,1
3579,113,104,1
3753,113,108,1
6019,113,138,1
4796,113,150,1
4481,113,11,1
5246,113,88,1
3952,113,125,3
5424,113,136,3
5875,113,45,3
5401,113,84,3
4737,113,124,3
6224,113,135,3
6354,113,100,3
5133,113,28,4
5034,113,121,4
4130,113,54,4
5986,113,98,4
6091,113,78,4
5531,113,38,4
3771,113,116,5
5202,113,123,5
3935,113,99,5
4656,116,142,1
6197,116,135,1
3496,116,102,1
4862,116,141,1
3528,116,22,1
4915,116,47,1
3903,116,127,1
5443,116,136,1
4991,116,87,5
4309,116,105,5
5611,116,134,5
4333,116,148,5
6312,116,76,5
3670,116,109,5
5052,116,121,6
5091,116,83,6
5181,116,85,6
6157,116,129,6
4211,116,93,6
3620,116,122,6
3841,116,101,6
5739,116,80,6
5801,116,30,6
5967,116,44,6
5587,116,36,6
3577,116,104,6
4099,116,40,6
4536,116,117,6
3589,116,115,6
3793,116,107,6
4330,116,41,6
3879,116,146,6
5492,116,91,6
5915,116,144,6
4521,116,74,6
4294,116,79,6
5296,116,149,6
5679,116,12,6
4730,116,124,6
4717,116,133,6
4985,116,111,6
4634,116,106,6
3970,116,125,6
4243,116,143,6
3522,121,22,1
5449,121,136,1
3912,121,127,1
4655,121,142,1
5339,121,13,1
5036,121,121,1
3750,121,108,1
4149,121,54,1
4718,121,133,1
5635,121,131,1
6049,121,113,1
3485,121,102,1
4938,121,128,1
6200,121,135,1
4020,121,89,1
4423,121,81,1
6278,124,132,1
5520,124,38,1
4658,124,142,1
6263,124,95,1
5441,124,136,1
6335,124,76,2
4383,124,23,2
5654,124,86,2
6112,124,140,2
5096,124,83,2
3798,124,107,2
3634,124,9,2
4121,124,54,2
4507,124,74,2
4111,124,40,2
4264,124,79,2
5722,124,80,2
4040,124,96,5
5604,124,134,5
3667,124,109,5
4600,124,120,5
5866,124,45,5
4816,124,150,5
5977,124,98,5
5288,124,149,5
5616,127,134,3
4694,127,27,3
3999,127,77,3
5048,127,121,3
5553,127,38,3
4666,127,142,3
5112,127,83,3
3690,127,97,3
6118,127,140,4
4199,127,93,4
4288,127,79,4
5628,127,131,4
5651,127,86,4
5130,127,28,4
4011,127,89,4
5762,127,80,4
5991,127,98,4
5361,127,92,4
5413,127,136,5
3872,127,146,5
4233,127,143,5
5060,127,82,5
5584,127,36,5
6313,127,76,5
4968,127,111,5
4584,127,126,5
3658,128,9,3
5406,128,84,3
4744,128,124,3
4662,128,142,3
3946,128,99,3
6363,128,100,4
6092,128,78,4
5873,128,45,4
4437,128,81,4
5817,128,30,4
5033,128,121,4
6023,128,138,4
4230,128,143,5
6213,128,135,5
3721,128,97,5
5752,128,80,5
4467,128,11,5
5174,128,85,5
4590,128,126,5
3677,128,109,5
5063,128,82,5
6191,132,135,1
5907,132,69,1
5694,132,139,1
3917,132,127,1
4952,132,128,1
6046,132,113,1
4347,132,148,1
4790,132,150,1
3582,132,104,1
5044,132,121,2
5930,132,46,2
6110,132,140,2
4373,132,23,2
4510,132,74,2
3633,132,9,2
4906,132,47,2
4944,231,128,1
5440,231,136,1
4017,231,89,1
4071,231,137,1
4911,231,47,1
4159,231,112,1
6274,231,132,1
5337,231,13,1
6258,231,95,1
6131,231,129,1
4955,231,114,1
5329,231,32,3
4808,231,150,3
3993,231,77,3
5046,231,121,3
5080,231,82,3
3585,231,104,3
5304,231,149,3
5640,231,131,3
4407,231,110,3
6222,231,135,3
5960,231,44,3
5623,231,134,3
4280,231,79,3
3767,231,116,4
5765,231,80,4
4884,231,103,4
5536,231,38,4
4439,231,81,4
5675,231,12,4
4194,231,93,4
6137,233,129,1
6202,233,135,1
3495,233,102,1
4023,233,89,1
5372,233,35,1
5439,233,136,1
3614,233,115,3
4660,233,142,3
5636,233,131,3
6099,233,78,3
3547,233,145,3
4709,233,133,3
6348,233,100,3
4645,233,106,3
4275,233,79,3
4868,233,103,3
5958,233,44,3
6058,233,113,4
5129,233,28,4
5503,233,91,4
4930,233,47,4
5008,233,87,4
3738,233,108,4
4969,233,111,5
5606,233,134,5
4169,233,112,5
6174,233,130,5
5750,233,80,5
6114,233,140,5
5768,247,10,1
5438,247,136,1
4559,247,117,1
6301,247,94,1
5910,247,69,1
4577,247,126,2
4416,247,110,2
6104,247,140,2
4502,247,74,2
6066,247,113,2
4091,247,137,2
3896,247,127,2
3717,247,97,2
3730,247,108,2
5041,247,121,2
5658,247,86,2
4378,247,23,2
5261,247,88,2
4688,247,27,3
5953,247,44,3
4740,247,124,3
4030,247,89,3
4668,247,142,3
4000,247,77,3
5335,247,32,3
6028,247,138,4
5578,247,36,4
4627,247,106,4
4196,247,93,4
5667,247,12,4
3649,247,9,4
4096,247,40,4
3805,247,107,4
4359,247,148,4
5354,247,92,4
5502,247,91,4
4173,247,112,5
5173,247,85,5
4038,247,96,5
3638,327,9,2
4371,327,23,2
3985,327,77,2
5849,327,45,2
5510,327,38,2
3586,327,115,2
6266,327,95,2
6100,327,140,2
4826,327,150,2
6331,327,76,2
5357,327,92,4
4756,327,124,4
5582,327,36,4
5797,327,119,4
4462,327,11,4
4553,327,117,4
3492,343,102,1
5695,343,139,1
6260,343,95,1
5102,343,83,2
5512,343,38,2
3647,343,9,2
5851,343,45,2
6106,343,140,2
4775,343,64,2
4092,343,137,2
4266,343,79,2
4908,343,47,2
4051,343,96,2
3718,343,97,2
3897,343,127,2
4560,343,117,3
4226,343,143,3
3998,343,77,3
4813,343,150,3
4695,343,27,3
5349,343,13,4
6057,343,113,4
4685,343,142,4
6286,343,94,4
5753,343,80,5
4967,343,111,5
5423,343,136,5
5066,343,82,5
4992,343,87,5
5884,358,45,6
5972,358,44,6
5150,358,28,6
5179,358,85,6
6237,358,135,6
3578,358,104,6
3791,358,107,6
3878,358,146,6
4833,358,150,6
4595,358,126,6
5464,358,136,6
3890,358,127,6
3973,358,125,6
3622,358,122,6
6082,358,78,6
6158,358,129,6
4328,358,41,6
5689,358,12,6
4676,358,142,6
5275,358,88,6
3708,358,97,6
4736,358,124,6
5291,358,149,6
4368,358,23,6
6033,358,138,6
4187,358,112,6
3602,358,115,6
4710,358,133,6
4922,358,47,6
4543,358,117,6
5385,358,35,6
5644,358,131,6
5548,358,38,6
3652,358,9,6
4214,358,93,6
5742,358,80,6
4766,358,64,6
4244,358,143,6
4190,379,93,4
4394,379,23,4
5676,379,12,4
5340,379,13,4
4609,379,120,4
5280,379,88,4
5527,379,38,4
4086,379,137,4
5779,379,10,4
3691,427,97,3
3994,427,77,3
6219,427,135,3
4281,427,79,3
4094,427,137,3
3962,427,125,3
5271,427,88,3
4696,427,27,3
4450,427,11,3
4974,427,111,3
5948,427,44,3
3661,427,9,3
4667,427,142,3
5990,427,98,4
5633,427,131,4
6366,427,100,4
5917,427,144,6
5880,427,45,6
5465,427,19,6
3837,427,101,6
4188,427,112,6
5151,427,28,6
6040,427,138,6
3566,427,104,6
5593,427,36,6
3592,427,115,6
6156,427,129,6
5683,427,12,6
4712,427,133,6
5486,427,91,6
6317,427,76,6
5462,427,136,6
4769,427,64,6
5004,427,87,6
4007,427,89,6
5741,427,80,6
5302,427,149,6
3794,427,107,6
3508,427,102,6
6083,427,78,6
5544,427,38,6
4633,427,106,6
5189,427,85,6
4238,427,143,6
4143,427,54,6
3780,427,116,6
4540,427,117,6
4727,427,124,6
5381,427,35,6
4524,427,74,6
5799,427,30,6
5778,431,10,4
4396,431,23,4
4932,431,47,4
6234,431,135,4
5984,431,98,4
5822,431,147,4
5451,431,136,4
4754,431,124,4
5780,434,10,4
3735,434,108,4
3701,434,97,4
5664,434,12,4
5200,434,90,4
5009,434,87,4
5125,434,28,4
3770,434,116,4
3538,434,22,5
4606,434,120,5
4583,434,126,5
5420,434,136,5
5206,434,123,5
6178,434,130,5
5613,434,134,5
4148,472,54,1
5256,472,88,1
3532,472,22,1
5161,472,28,1
4957,472,114,1
3607,472,115,1
4795,472,150,1
5523,472,38,1
5857,472,45,1
4157,472,112,1
5912,472,69,1
5821,472,147,2
3860,472,146,2
6001,472,98,2
4701,472,133,2
3828,472,101,2
4386,472,23,2
4270,472,79,2
5098,472,83,2
4784,472,64,2
3639,472,9,2
5934,472,46,2
4316,472,105,4
5669,472,12,4
4881,472,103,4
5804,472,30,4
5715,472,139,4
6144,472,129,4
5452,472,136,4
5774,472,10,4
5353,472,92,4
4751,472,124,5
5285,472,149,5
5747,472,80,5
3932,472,99,5
4430,478,81,1
5366,478,35,1
5706,478,139,1
4013,478,89,1
4916,478,47,1
4610,478,120,1
4074,478,137,1
6298,478,94,1
6017,478,138,1
3581,478,104,1
4864,478,141,1
4518,478,74,1
4122,478,54,2
5818,478,147,2
4057,478,96,2
5517,478,38,2
6336,478,76,2
3821,478,101,2
6342,478,100,2
4380,478,23,2
6062,478,113,2
4567,478,126,2
5564,478,36,2
4785,478,64,2
3725,478,108,2
6166,478,129,2
4107,478,40,2
5153,478,28,3
4801,478,150,3
3618,478,115,3
4223,478,143,3
3849,478,146,3
3699,478,97,3
4644,478,106,3
4741,478,124,3
6212,478,135,5
4167,478,112,5
5240,478,88,5
3674,478,109,5
5064,478,82,5
5414,478,136,5
4476,478,11,5
6133,500,129,1
6272,500,132,1
3535,500,22,1
4147,500,54,1
5216,500,123,1
4014,500,89,1
6012,500,138,1
6306,500,94,1
4413,500,110,2
4269,500,79,2
5508,500,38,2
5105,500,83,2
5436,500,136,2
5263,500,88,2
5901,500,69,2
3857,500,146,2
3895,500,127,2
3712,500,97,2
6002,500,98,2
5346,500,13,4
5572,500,36,4
5777,500,10,4
4395,500,23,4
4084,500,137,4
4207,500,93,4
5629,500,131,4
4900,500,47,5
3980,500,77,5
5026,500,121,5
6168,500,130,5
3933,500,99,5
5608,500,134,5
5870,500,45,5
3536,501,22,1
6276,501,132,1
4950,501,128,1
5855,501,45,1
5037,501,121,1
5566,501,36,2
4370,501,23,2
5196,501,85,2
3640,501,9,2
6067,501,113,2
4419,501,110,2
4572,501,126,2
6101,501,140,2
3894,501,127,2
5479,501,19,2
5108,501,83,2
6334,501,76,2
4126,501,54,2
5619,501,134,3
5957,501,44,3
5087,501,82,3
3947,501,125,3
4691,501,27,3
3697,501,97,3
4664,501,142,3
4999,501,87,3
4870,501,103,3
6221,501,135,3
5154,501,28,3
5528,501,38,4
4961,501,111,4
4759,501,124,4
5810,501,30,4
5277,501,88,4
5506,501,91,4
5379,501,35,5
5979,501,98,5
6254,501,95,5
5199,512,90,4
5776,512,10,4
5201,512,123,4
4934,512,47,4
3809,512,107,4
5631,512,131,4
5351,512,92,4
4858,512,141,4
6146,512,129,4
4131,512,54,4
6089,512,78,4
4949,529,128,1
4797,529,150,1
6303,529,94,1
5249,529,88,1
3498,529,102,1
6008,529,138,1
3915,529,127,1
3877,529,146,1
4621,529,120,2
5100,529,83,2
3722,529,108,2
4571,529,126,2
5726,529,80,2
6059,529,113,2
4500,529,74,2
4061,529,96,2
3986,529,77,2
5437,529,136,2
5959,529,44,3
4705,529,133,3
3692,529,97,3
4444,529,11,3
6350,529,100,3
6229,529,135,3
5328,529,32,3
5888,529,69,4
3759,529,116,4
4360,529,148,4
5577,529,36,4
4681,529,142,4
5341,529,13,4
4406,529,110,4
4436,529,81,4
3629,529,122,4
4846,529,141,4
4251,529,143,4
4997,529,87,5
6167,529,130,5
5214,529,123,5
5117,529,28,5
5059,529,82,5
5019,529,121,5
6241,529,95,5
3641,533,9,2
5927,533,46,2
5307,533,32,2
4415,533,110,2
6165,533,129,2
6006,533,98,2
4575,533,126,2
3892,533,127,2
4824,533,150,2
4491,533,74,3
4388,533,23,3
3548,533,145,3
6098,533,78,3
4449,533,11,3
4303,533,105,3
5157,533,28,3
4001,533,77,3
5552,533,38,3
4322,533,41,3
5954,533,44,3
4026,533,89,3
4665,533,142,3
6220,533,135,3
5426,533,136,3
6022,533,138,4
5358,533,92,4
5712,533,139,4
4856,533,141,4
5030,533,121,4
5632,533,131,4
4353,533,148,4
3941,533,99,5
5205,533,123,5
3869,533,146,5
5221,533,118,5
5771,537,10,1
3925,537,99,1
4424,537,81,1
4792,537,150,1
4079,537,137,1
3914,537,127,1
3580,537,104,1
5254,537,88,1
6122,537,140,1
5217,537,123,1
4612,537,120,1
5933,537,46,2
4108,537,40,2
3816,537,101,2
4787,537,64,2
5993,537,98,2
6065,537,113,2
4027,537,89,3
4697,537,27,3
4561,537,117,3
4706,537,133,3
4648,537,106,3
3662,537,9,3
5085,537,82,3
5398,537,84,3
5156,537,28,3
6189,537,130,3
3696,537,97,3
5794,537,119,3
5501,537,91,4
5836,537,147,4
5455,537,136,4
4399,537,23,4
3678,537,109,5
3875,537,146,5
6245,537,95,5
4899,537,47,5
4746,537,124,5
4170,537,112,5
5612,537,134,5
5769,538,10,1
4077,538,137,1
5913,538,69,1
6125,538,140,1
3557,538,145,1
3684,538,97,1
5232,538,118,1
6068,538,113,2
3728,538,108,2
5839,538,45,2
6004,538,98,2
3636,538,9,2
3901,538,127,2
6337,538,76,2
5823,538,147,4
4758,538,124,4
4046,538,96,4
5650,538,86,4
5760,538,80,4
5532,538,38,4
5068,538,82,5
3671,538,109,5
5116,538,28,5
5415,538,136,5
5730,545,80,3
4671,545,142,3
3663,545,9,3
4451,545,11,3
3997,545,77,3
6349,545,100,3
4980,545,111,3
3812,545,107,4
4546,545,117,4
6085,545,78,4
6026,545,138,4
5134,545,28,4
3977,545,125,4
5814,545,30,4
5579,545,36,4
5419,545,136,5
5069,545,82,5
4897,545,47,5
4873,545,103,5
5316,545,32,5
4032,545,96,5
4993,545,87,5
4847,551,141,4
3736,551,108,4
5942,551,46,4
6362,551,100,4
5634,551,131,4
4926,551,47,4
3846,559,146,3
4689,559,27,3
4002,559,77,3
5222,559,118,3
4227,559,143,3
4745,559,124,3
4389,559,23,3
5158,559,28,3
5952,559,44,3
3948,559,125,3
4809,559,150,3
4273,559,79,3
5405,559,84,3
5529,559,38,4
4313,559,105,4
5872,559,45,4
5364,559,92,4
5808,559,30,4
5006,559,87,4
5569,559,36,4
4516,559,74,4
4630,559,106,4
4929,559,47,4
3761,559,116,4
5630,559,131,4
6096,559,78,4
5421,559,136,5
5324,559,32,5
6177,559,130,5
5211,559,123,5
6209,559,135,5
4586,559,126,5
4549,565,117,4
4515,565,74,4
5761,565,80,4
4878,565,103,4
4252,565,143,4
4087,565,137,4
3807,565,107,4
4682,565,142,4
4798,622,150,1
6275,622,132,1
5699,622,139,1
3919,622,99,1
5101,622,83,2
4411,622,110,2
5518,622,38,2
5900,622,69,2
3642,622,9,2
6109,622,140,2
4050,622,96,2
5846,622,45,2
3891,622,127,2
5327,622,32,5
4604,622,120,5
3870,622,146,5
4332,622,148,5
4970,622,111,5
5170,622,85,5
4469,622,11,5
5014,622,121,5
6251,622,95,5
6210,622,135,5
4268,623,79,2
5555,623,36,2
4117,623,54,2
5926,623,46,2
5432,623,136,2
5727,623,80,2
4909,623,47,2
5853,623,45,2
3724,623,108,2
4618,623,120,2
5137,623,28,2
4700,623,133,2
4408,623,110,2
4774,623,64,2
5310,623,32,4
4757,623,124,4
4512,623,74,4
4857,623,141,4
4457,623,11,4
4193,623,93,4
6055,623,113,4
5500,623,91,4
4880,623,103,4
5167,623,85,5
5212,623,123,5
5219,623,118,5
5237,623,88,5
5448,673,136,1
5251,673,88,1
6203,673,135,1
5039,673,121,1
3534,673,22,1
4080,673,137,1
5086,673,82,3
6357,673,100,3
4805,673,150,3
4325,673,41,3
3657,673,9,3
4274,673,79,3
4487,673,74,3
5876,673,45,3
3957,673,125,3
4642,673,106,3
5989,673,98,4
5012,673,87,4
5716,673,139,4
6326,673,76,4
5829,673,147,4
5345,673,13,4
4475,673,11,5
4966,673,111,5
4587,673,126,5
5376,673,35,5
5692,673,12,6
5965,673,44,6
6034,673,138,6
4725,673,124,6
3507,673,102,6
6078,673,78,6
3573,673,104,6
5919,673,144,6
5485,673,91,6
5791,673,119,6
6127,673,140,6
4346,673,148,6
3881,673,146,6
3797,673,107,6
4841,673,141,6
4539,673,117,6
5144,673,28,6
4249,673,143,6
5292,673,149,6
3603,673,115,6
5546,673,38,6
5188,673,85,6
4137,673,54,6
5596,673,134,6
4216,673,93,6
3838,673,101,6
5472,673,19,6
4385,730,23,2
6108,730,140,2
4821,730,150,2
3824,730,101,2
3987,730,77,2
5557,730,36,2
5257,730,88,2
4255,730,79,2
4978,730,111,3
4447,730,11,3
3659,730,9,3
4486,730,74,3
4872,730,103,3
5045,730,121,3
4687,730,27,3
5083,730,82,3
4420,730,81,3
4191,730,93,4
5718,730,139,4
5229,730,118,4
3855,730,146,4
5812,730,30,4
5941,730,46,4
5828,730,147,4
5867,730,45,5
5417,730,136,5
4901,730,47,5
4675,730,142,5
3669,730,109,5
4597,730,120,5
5748,730,80,5
5315,730,32,5
5207,730,123,5
3483,732,102,1
4789,732,150,1
6016,732,138,1
5450,732,136,1
5252,732,88,1
5708,732,139,1
4574,732,126,2
5842,732,45,2
5563,732,36,2
3820,732,101,2
3713,732,97,2
6000,732,98,2
5198,732,85,2
5099,732,83,2
5000,732,87,2
4254,732,79,2
4554,732,117,4
5894,732,69,4
5226,732,118,4
3800,732,107,4
4177,732,112,5
3937,732,99,5
6256,732,95,5
4891,732,47,5
5522,733,38,1
4065,733,96,1
3922,733,99,1
3531,733,22,1
5283,733,149,1
6295,733,94,1
6045,733,113,1
4075,733,137,1
4905,733,47,2
3858,733,146,2
3814,733,101,2
4617,733,120,2
4112,733,54,2
5898,733,69,2
4258,733,79,2
4707,733,133,3
4971,733,111,3
4869,733,103,3
4802,733,150,3
4646,733,106,3
4564,733,117,3
3619,733,115,3
5160,733,28,3
3954,733,125,3
5949,733,44,3
5111,733,83,3
4494,733,74,3
5652,733,86,4
5312,733,32,4
3628,733,122,4
6328,733,76,4
4438,733,81,4
6271,733,132,4
5585,733,36,5
5860,733,45,5
5754,733,80,5
5375,733,35,5
6142,733,129,5
3909,866,127,1
5255,866,88,1
4433,866,81,1
4152,866,54,1
6282,866,132,1
4794,866,150,1
6261,866,95,1
6009,866,138,1
3559,866,145,1
5284,960,149,1
4951,960,128,1
4427,960,81,1
4720,960,133,1
5909,960,69,1
5702,960,139,1
4793,960,150,1
6284,960,132,1
6103,960,140,2
4782,960,64,2
5820,960,147,2
6181,960,130,2
5999,960,98,2
4379,960,23,2
3864,960,146,2
5653,960,86,2
3825,960,101,2
5620,960,134,3
3958,960,125,3
3686,960,97,3
4452,960,11,3
6347,960,100,3
3615,960,115,3
3545,960,145,3
4672,960,142,3
4739,960,124,3
5194,960,85,4
3746,960,108,4
4009,960,89,4
6291,960,94,4
5011,960,87,4
5535,960,38,4
6152,960,129,4
5355,960,92,4
5027,960,121,4
5242,960,88,5
3981,960,77,5
4588,960,126,5
3537,960,22,5
5418,960,136,5
5061,960,82,5
4894,960,47,5
6211,960,135,5
5865,960,45,5
3675,960,109,5
4679,974,142,6
5231,974,118,6
3885,974,146,6
5881,974,45,6
5545,974,38,6
6236,974,135,6
6321,974,76,6
5467,974,19,6
4369,974,23,6
3506,974,102,6
4632,974,106,6
3966,974,125,6
3833,974,101,6
5143,974,28,6
5299,974,149,6
5394,974,35,6
4248,974,143,6
5693,974,12,6
5592,974,36,6
5178,974,85,6
4520,974,74,6
4220,974,93,6
4734,974,124,6
6043,974,138,6
4832,974,150,6
6073,974,78,6
4291,974,79,6
4987,974,111,6
4538,974,117,6
3596,974,115,6
4140,974,54,6
4104,979,40,1
3552,979,145,1
3921,979,99,1
6136,979,129,1
4155,979,112,1
4941,979,128,1
6273,979,132,1
6021,979,138,1
5253,979,88,1
3685,979,97,1
4073,979,137,1
4649,979,142,1
5903,979,69,2
6005,979,98,2
4780,979,64,2
4118,979,54,2
3859,979,146,2
4819,979,150,2
5723,979,80,2
6333,979,76,2
5673,979,12,4
6233,979,135,4
4195,979,93,4
3754,979,116,4
5504,979,91,4
5135,979,28,4
4889,979,103,4
4034,979,96,5
4605,979,120,5
5169,979,85,5
5016,979,121,5
3668,979,109,5
5343,1009,13,4
5893,1009,69,4
5007,1009,87,4
5365,1009,92,4
3517,1009,102,4
4204,1009,93,4
5697,1011,139,1
6013,1011,138,1
6302,1011,94,1
6196,1011,135,1
3555,1011,145,1
4018,1011,89,1
5766,1011,10,1
5233,1011,118,1
4375,1011,23,2
4817,1011,150,2
5558,1011,36,2
3984,1011,77,2
5997,1011,98,2
4113,1011,54,2
4265,1011,79,2
4058,1011,96,2
5724,1011,80,2
3813,1011,101,2
5852,1011,45,2
4979,1011,111,3
5793,1011,119,3
5082,1011,82,3
4670,1011,142,3
4443,1011,11,3
3960,1011,125,3
3660,1011,9,3
6344,1011,100,3
5457,1011,136,4
6051,1011,113,4
3739,1011,108,4
3803,1011,107,4
6148,1011,129,4
5495,1011,91,4
5534,1011,38,4
4314,1011,105,4
5363,1011,92,4
5311,1011,32,4
5827,1011,147,4
5123,1011,28,4
4753,1011,124,5
4903,1011,47,5
6242,1011,95,5
5377,1011,35,5
3938,1011,99,5
4432,1020,81,1
3558,1020,145,1
6182,1020,130,1
5370,1020,35,1
4946,1020,128,1
3609,1020,115,1
4156,1020,112,1
4154,1020,54,1
5264,1020,88,2
4372,1020,23,2
4055,1020,96,2
3714,1020,97,2
5932,1020,46,2
3900,1020,127,2
4576,1020,126,2
3861,1020,146,2
4402,1020,110,3
4742,1020,124,3
4686,1020,27,3
5336,1020,32,3
5115,1020,83,3
5551,1020,38,3
4496,1020,74,3
4562,1020,117,3
4931,1020,47,4
5775,1020,10,4
4466,1020,11,4
5031,1020,121,4
5863,1020,45,5
4608,1020,120,5
3666,1020,109,5
6206,1020,135,5
4334,1020,148,5
5487,1026,91,6
5745,1026,80,6
5589,1026,36,6
5459,1026,136,6
3972,1026,125,6
4526,1026,74,6
5540,1026,38,6
6081,1026,78,6
6036,1026,138,6
4250,1026,143,6
4842,1026,141,6
3882,1026,146,6
5691,1026,12,6
5971,1026,44,6
4838,1026,150,6
3599,1026,115,6
4541,1026,117,6
4341,1026,148,6
6159,1026,129,6
3501,1026,102,6
5149,1026,28,6
3782,1026,107,6
3570,1026,104,6
4768,1026,64,6
5276,1026,88,6
6322,1026,76,6
5389,1026,35,6
5303,1026,149,6
4213,1026,93,6
5177,1026,85,6
6042,1029,138,6
5273,1029,88,6
5920,1029,144,6
4345,1029,148,6
4329,1029,41,6
4770,1029,64,6
4138,1029,54,6
3839,1029,101,6
4839,1029,150,6
3707,1029,97,6
4184,1029,112,6
5973,1029,44,6
5146,1029,28,6
4638,1029,106,6
3606,1029,115,6
4735,1029,124,6
4594,1029,126,6
5482,1029,91,6
3568,1029,104,6
6316,1029,76,6
4613,1029,120,6
5387,1029,35,6
5466,1029,19,6
5230,1029,118,6
4295,1029,79,6
4535,1029,117,6
5879,1029,45,6
5595,1029,134,6
3511,1029,102,6
3784,1029,107,6
4308,1029,105,6
4523,1029,74,6
4217,1029,93,6
3975,1029,125,6
5300,1029,149,6
5542,1029,38,6
5908,1121,69,1
3916,1121,127,1
4948,1121,128,1
6300,1121,94,1
6283,1121,132,1
6129,1121,129,1
3526,1121,22,1
4611,1121,120,1
5943,1121,46,4
3810,1121,107,4
4684,1121,142,4
6087,1121,78,4
4317,1121,105,4
6027,1121,138,4
5830,1121,147,4
5649,1121,86,4
4860,1121,141,4
3944,1121,99,5
5480,1121,19,5
5213,1121,123,5
6214,1121,135,5
4478,1121,11,5
4893,1121,47,5
5371,1164,35,1
6195,1164,135,1
5709,1164,139,1
3553,1164,145,1
4913,1164,47,1
4939,1164,128,1
4431,1164,81,1
5983,1164,98,4
3702,1164,97,4
5124,1164,28,4
5456,1164,136,4
4132,1164,54,4
4625,1164,106,4
5816,1164,30,4
4045,1164,96,5
3942,1164,99,5
6169,1164,130,5
4335,1164,148,5
5749,1164,80,5
5869,1164,45,5
4232,1164,143,5
3918,1262,127,1
3530,1262,22,1
3683,1262,97,1
5705,1262,139,1
6296,1262,94,1
4875,1262,103,1
5250,1262,88,1
6264,1262,95,1
4904,1262,47,2
4256,1262,79,2
4119,1262,54,2
5139,1262,28,2
4619,1262,120,2
5333,1262,32,3
3848,1262,146,3
5617,1262,134,3
3775,1262,116,3
6227,1262,135,3
5637,1262,131,3
5404,1262,84,3
4307,1262,105,3
4661,1262,142,3
4626,1262,106,4
6119,1262,140,4
5029,1262,121,4
4954,1262,128,4
5809,1262,30,4
5204,1262,123,5
5071,1262,82,5
4986,1262,111,6
5382,1262,35,6
6075,1262,78,6
4245,1262,143,6
3564,1262,104,6
4771,1262,64,6
3843,1262,101,6
3591,1262,115,6
5184,1262,85,6
5744,1262,80,6
4212,1262,93,6
3654,1262,9,6
4367,1262,23,6
3512,1262,102,6
4519,1262,74,6
4713,1262,133,6
5090,1262,83,6
5969,1262,44,6
5289,1262,149,6
5473,1262,19,6
5886,1262,45,6
4724,1262,124,6
6184,1262,130,6
5458,1262,136,6
4537,1262,117,6
4181,1262,112,6
6037,1262,138,6
4834,1262,150,6
3783,1262,107,6
5684,1262,12,6
6319,1262,76,6
5484,1262,91,6
3726,1266,108,2
4115,1266,54,2
5561,1266,36,2
3989,1266,77,2
4777,1266,64,2
3818,1266,101,2
3632,1266,9,2
5308,1266,32,2
4263,1266,79,2
4053,1266,96,2
5095,1266,83,2
4374,1266,23,2
4298,1266,105,3
5159,1266,28,3
3612,1266,115,3
5733,1266,80,3
5788,1266,10,3
5032,1266,121,4
4088,1266,137,4
3627,1266,122,4
4629,1266,106,4
4958,1266,111,4
4548,1266,117,4
4852,1266,141,4
6364,1266,100,4
4461,1266,11,4
3755,1266,116,4
5871,1266,45,5
6216,1266,135,5
6244,1266,95,5
4599,1266,120,5
6138,1266,129,5
6304,1331,94,1
5854,1331,45,1
5701,1331,139,1
5937,1331,46,1
4162,1331,112,1
4651,1331,142,1
4072,1331,137,1
5519,1331,38,2
3648,1331,9,2
6113,1331,140,2
3931,1331,99,2
5559,1331,36,2
6180,1331,130,2
5737,1331,80,3
5400,1331,84,3
4984,1331,111,3
4490,1331,74,3
5427,1331,136,3
3996,1331,77,3
5621,1331,134,3
4401,1331,110,3
6232,1331,135,3
4279,1331,79,3
5266,1331,88,3
4297,1331,105,3
6356,1331,100,3
3852,1331,146,4
3741,1331,108,4
5833,1331,147,4
5072,1331,82,4
6151,1331,129,4
5896,1331,69,4
4761,1331,64,4
5668,1331,12,4
4031,1331,96,5
5313,1331,32,5
5976,1331,98,5
5218,1331,123,6
5295,1331,149,6
4716,1331,133,6
4236,1331,143,6
3778,1331,116,6
5792,1331,119,6
3623,1331,122,6
4340,1331,148,6
5470,1331,19,6
6077,1331,78,6
4844,1331,141,6
4222,1331,93,6
6030,1331,138,6
5490,1331,91,6
3598,1331,115,6
4831,1331,150,6
5187,1331,85,6
3792,1331,107,6
4721,1331,124,6
3572,1331,104,6
3976,1331,125,6
3709,1331,97,6
4528,1331,117,6
3845,1331,101,6
5142,1331,28,6
3502,1331,102,6
5388,1331,35,6
4145,1331,54,6
4025,1352,89,3
5332,1352,32,3
4492,1352,74,3
5956,1352,44,3
3963,1352,125,3
4647,1352,106,3
4228,1352,143,3
4693,1352,27,3
3698,1352,97,3
4983,1352,111,3
5736,1352,80,3
4090,1352,137,4
5193,1352,85,4
5665,1352,12,4
6289,1352,94,4
4565,1352,126,4
6120,1352,140,4
4129,1352,54,4
5782,1352,10,4
4547,1352,117,4
4823,1372,150,2
3988,1372,77,2
5103,1372,83,2
4381,1372,23,2
4261,1372,79,2
3819,1372,101,2
6179,1372,130,2
5076,1372,82,2
4569,1372,126,2
5042,1372,121,2
3731,1372,108,2
3902,1372,127,2
5001,1372,87,2
4503,1372,74,2
5781,1372,10,4
3515,1372,102,4
5825,1372,147,4
3758,1372,116,4
5806,1372,30,4
3868,1372,146,5
5286,1372,149,5
6255,1372,95,5
4037,1372,96,5
5442,1802,136,1
3490,1802,102,1
6285,1802,132,1
6010,1802,138,1
4426,1802,81,1
4653,1802,142,1
4348,1802,148,1
4501,1802,74,2
5902,1802,69,2
4056,1802,96,2
5509,1802,38,2
4267,1802,79,2
5305,1802,32,2
6003,1802,98,2
3898,1802,127,2
4825,1802,150,2
6293,1802,94,4
4886,1802,103,4
4855,1802,141,4
4454,1802,11,4
5783,1802,10,4
4006,1802,89,6
4097,1802,40,6
4527,1802,117,6
4221,1802,93,6
5152,1802,28,6
4726,1802,124,6
6071,1802,78,6
5681,1802,12,6
5392,1802,35,6
5191,1802,85,6
5964,1802,44,6
3601,1802,115,6
5918,1802,144,6
5476,1802,19,6
4241,1802,143,6
3777,1802,116,6
3842,1802,101,6
4186,1802,112,6
3563,1802,104,6
5882,1802,45,6
5483,1802,91,6
5599,1802,134,6
6128,1802,140,6
5274,1802,88,6
4366,1802,23,6
3796,1802,107,6
5293,1802,149,6
5646,1802,131,6
5740,1802,80,6
4714,1802,133,6
4135,1802,54,6
4591,1802,126,6
5078,1871,82,3
4448,1871,11,3
4321,1871,41,3
4690,1871,27,3
5425,1871,136,3
3665,1871,9,3
5407,1871,84,3
5735,1871,80,3
5638,1871,131,3
4093,1871,137,3
3956,1871,125,3
6355,1871,100,3
3763,1871,116,4
5309,1871,32,4
3744,1871,108,4
6290,1871,94,4
5227,1871,118,4
5359,1871,92,4
4830,1871,150,4
4036,1871,96,5
6253,1871,95,5
5120,1871,28,5
4598,1871,120,5
6139,1871,129,5
5021,1871,121,5
6076,1871,78,6
4339,1871,148,6
5301,1871,149,6
6185,1871,130,6
5887,1871,45,6
3831,1871,101,6
4532,1871,117,6
4234,1871,143,6
3790,1871,107,6
3703,1871,97,6
4680,1871,142,6
3576,1871,104,6
4765,1871,64,6
5690,1871,12,6
4102,1871,40,6
5489,1871,91,6
5192,1871,85,6
3626,1871,122,6
6038,1871,138,6
6240,1871,135,6
5390,1871,35,6
4729,1871,124,6
4136,1871,54,6
5974,1871,44,6
3503,1871,102,6
4292,1871,79,6
4182,1871,112,6
5469,1871,19,6
4522,1871,74,6
5543,1871,38,6
5662,1871,86,6
3604,1871,115,6
4349,1887,148,1
4866,1887,141,1
6277,1887,132,1
4953,1887,128,1
4435,1887,81,1
4062,1887,96,1
5703,1887,139,1
4327,1887,41,1
6135,1887,129,1
5373,1887,35,1
3520,1887,22,1
3920,1887,99,1
3635,1887,9,2
5258,1887,88,2
3991,1887,77,2
3822,1887,101,2
5994,1887,98,2
5845,1887,45,2
5655,1887,86,2
4409,1887,110,2
3733,1887,108,2
5929,1887,46,2
5433,1887,136,2
4493,1887,74,3
4811,1887,150,3
6218,1887,135,3
4692,1887,27,3
4304,1887,105,3
6188,1887,130,3
4387,1887,23,3
3955,1887,125,3
4225,1887,143,3
5618,1887,134,3
3694,1887,97,3
4871,1887,103,3
4555,1887,117,4
5757,1887,80,4
4082,1887,137,4
3764,1887,116,4
5666,1887,12,4
4287,1887,79,4
6248,1887,95,5
3680,1887,109,5
5013,1887,121,5
4596,1887,120,5
5326,1887,32,5
5728,1942,80,2
3645,1942,9,2
4257,1942,79,2
4778,1942,64,2
5560,1942,36,2
5924,1942,46,2
6064,1942,113,2
3723,1942,108,2
5435,1942,136,2
5721,1942,139,3
3695,1942,97,3
6353,1942,100,3
3847,1942,146,3
5110,1942,83,3
6190,1942,130,3
4488,1942,74,3
4888,1942,103,4
5356,1942,92,4
4198,1942,93,4
5342,1942,13,4
4465,1942,11,4
4829,1942,150,4
6215,1942,135,5
5065,1942,82,5
4582,1942,126,5
5241,1942,88,5
5975,1942,98,5
3575,1942,104,6
4631,1942,106,6
4614,1942,120,6
4723,1942,124,6
6160,1942,129,6
6080,1942,78,6
3781,1942,116,6
4677,1942,142,6
5541,1942,38,6
5384,1942,35,6
3888,1942,127,6
3510,1942,102,6
5054,1942,121,6
4189,1942,112,6
3785,1942,107,6
3594,1942,115,6
4365,1942,23,6
4715,1942,133,6
6039,1942,138,6
3969,1942,125,6
5297,1942,149,6
5148,1942,28,6
4840,1942,141,6
4924,1942,47,6
5183,1942,85,6
4533,1942,117,6
5962,1942,44,6
5602,1942,134,6
5643,1942,131,6
4237,1942,143,6
4342,1942,148,6
3835,1942,101,6
5682,1942,12,6
5802,1942,30,6
5475,1942,19,6
6309,1970,94,1
6204,1970,135,1
3524,1970,22,1
4064,1970,96,1
5698,1970,139,1
3499,1970,102,1
4429,1970,81,1
5270,1970,88,3
5622,1970,134,3
3655,1970,9,3
6359,1970,100,3
5409,1970,84,3
5789,1970,10,3
4028,1970,89,3
5874,1970,45,3
4277,1970,79,3
3617,1970,115,3
4704,1970,133,3
4935,1970,47,4
3978,1970,125,4
6270,1970,132,4
3853,1970,146,4
6324,1970,76,4
3745,1970,108,4
5581,1970,36,4
5626,1970,131,4
5892,1970,69,4
5985,1970,98,4
4464,1970,11,4
6050,1970,113,4
5796,1970,119,4
4879,1970,103,4
6249,1970,95,5
5055,1970,82,5
5209,1970,123,5
3943,1970,99,5
5416,1970,136,5
5319,1970,32,5
4965,1970,111,5
4179,1970,112,5
6170,1970,130,5
5430,1985,136,2
3587,1985,115,2
3926,1985,99,2
5511,1985,38,2
3719,1985,97,2
6332,1985,76,2
4498,1985,74,2
5660,1985,86,2
6007,1985,98,2
5260,1985,88,2
4907,1985,47,2
4116,1985,54,2
5043,1985,121,2
3865,1985,146,2
5899,1985,69,2
6061,1985,113,2
5576,1985,36,4
4828,1985,150,4
5347,1985,13,4
4282,1985,79,4
3757,1985,116,4
5374,1985,35,5
4044,1985,96,5
4479,1985,11,5
5323,1985,32,5
5287,1985,149,5
3913,2155,127,1
4076,2155,137,1
6123,2155,140,1
5940,2155,46,1
6308,2155,94,1
5445,2155,136,1
5507,2155,91,1
4940,2155,128,1
4865,2155,141,1
5367,2155,35,1
4066,2155,96,1
6130,2155,129,1
4557,2155,117,1
6279,2155,132,1
4914,2155,47,1
4799,2155,150,1
5074,2155,82,4
5625,2155,131,4
5758,2155,80,4
5648,2155,86,4
5891,2155,69,4
5574,2155,36,4
5832,2155,147,4
3871,2155,146,5
5236,2155,88,5
4473,2155,11,5
6208,2155,135,5
3936,2155,99,5
4602,2155,120,5
6257,2155,95,5
4748,2155,124,5
5575,2207,36,4
4850,2207,141,4
4885,2207,103,4
4760,2207,64,4
5499,2207,91,4
6327,2207,76,4
3801,2207,107,4
6015,2993,138,1
4558,2993,117,1
3487,2993,102,1
5447,2993,136,1
4150,2993,54,1
3556,2993,145,1
4019,2993,89,1
4425,2993,81,1
4324,2993,41,3
6351,2993,100,3
4977,2993,111,3
5790,2993,10,3
5114,2993,83,3
4276,2993,79,3
3950,2993,125,3
5281,2993,88,4
4351,2993,148,4
5127,2993,28,4
5670,2993,12,4
4047,2993,96,4
6095,2993,78,4
3765,2993,116,4
4400,2993,23,4
5946,2993,46,4
4460,2993,11,4
4928,2993,47,4
5763,2993,80,4
4578,2993,126,5
5317,2993,32,5
6252,2993,95,5
4312,2993,105,5
4175,2993,112,5
4752,2993,124,5
4106,3025,40,2
3827,3025,101,2
5556,3025,36,2
5104,3025,83,2
4783,3025,64,2
6105,3025,140,2
4054,3025,96,2
3862,3025,146,2
6163,3025,129,2
5850,3025,45,2
3711,3025,97,2
4206,3025,93,4
4289,3025,79,4
5835,3025,147,4
5073,3025,82,4
3514,3025,102,4
3802,3025,107,4
3630,3025,122,4
5128,3025,28,4
4010,3025,89,4
3742,3025,108,4
5756,3025,80,5
5609,3025,134,5
6246,3025,95,5
5859,6801,45,1
6193,6801,135,1
4990,6801,87,1
4164,6801,112,1
4867,6801,141,1
5713,6801,139,4
5350,6801,92,4
5136,6801,28,4
5278,6801,88,4
4890,6801,103,4
4566,6801,126,4
5922,6801,144,4
5453,6801,136,4
3856,6801,146,4
4085,6801,137,4
3540,6801,22,5
5018,6801,121,5
4896,6801,47,5
4474,6801,11,5
5225,7323,118,3
3949,7323,125,3
5397,7323,84,3
5732,7323,80,3
3613,7323,115,3
4738,7323,124,3
4807,7323,150,3
5955,7323,44,3
4669,7323,142,3
6054,7323,113,4
4960,7323,111,4
4440,7323,81,4
5505,7323,91,4
4511,7323,74,4
5530,7323,38,4
4455,7323,11,4
5717,7323,139,4
5352,7323,92,4
4589,7323,126,5
4174,7323,112,5
5861,7323,45,5
5022,7323,121,5
5325,7323,32,5
5583,7323,36,5
6268,7331,132,4
5807,7331,30,4
4456,7331,11,4
3747,7331,108,4
5671,7331,12,4
3762,7331,116,4
4356,7331,148,4
4827,7342,150,2
5847,7342,45,2
6340,7342,100,2
3734,7342,108,2
5429,7342,136,2
4620,7342,120,2
4262,7342,79,2
3983,7342,77,2
4845,7342,141,4
4513,7342,74,4
5889,7342,69,4
4883,7342,103,4
5020,7342,121,5
5321,7342,32,5
4042,7342,96,5
4166,7342,112,5
5378,7342,35,5
3676,7342,109,5
3939,7342,99,5
5978,7342,98,5
4311,7342,105,5
5235,7342,88,5
5803,7342,30,6
4336,7342,148,6
5176,7342,85,6
5594,7342,36,6
5003,7342,87,6
3505,7342,102,6
3562,7342,104,6
4544,7342,117,6
3887,7342,127,6
4767,7342,64,6
4144,7342,54,6
5140,7342,28,6
5549,7342,38,6
4592,7342,126,6
4209,7342,93,6
4363,7342,23,6
3779,7342,116,6
6032,7342,138,6
4004,7342,89,6
3621,7342,122,6
4240,7342,143,6
3834,7342,101,6
4711,7342,133,6
5678,7342,12,6
5598,7342,134,6
6323,7342,76,6
3968,7342,125,6
6072,7342,78,6
4923,7342,47,6
4731,7342,124,6
4639,7342,106,6
5477,7342,19,6
5645,7342,131,6
6047,7344,113,1
4861,7344,141,1
3911,7344,127,1
5998,7344,98,2
4382,7344,23,2
4323,7344,41,3
5334,7344,32,3
4810,7344,150,3
3772,7344,116,3
5049,7344,121,3
4603,7344,120,5
3867,7344,146,5
5868,7344,45,5
4585,7344,126,5
5203,7344,123,5
5234,7344,88,5
4310,7344,105,5
5410,7344,84,5
5600,7344,134,6
3840,7344,101,6
5182,7344,85,6
4764,7344,64,6
5147,7344,28,6
5970,7344,44,6
4185,7344,112,6
6187,7344,130,6
5460,7344,136,6
5738,7344,80,6
4219,7344,93,6
3500,7344,102,6
4636,7344,106,6
4246,7344,143,6
5590,7344,36,6
6161,7344,129,6
5686,7344,12,6
3789,7344,107,6
4732,7344,124,6
4098,7344,40,6
4293,7344,79,6
5539,7344,38,6
6031,7344,138,6
4139,7344,54,6
4542,7344,117,6
5386,7344,35,6
3967,7344,125,6
6315,7344,76,6
3605,7344,115,6
3624,7346,122,6
5463,7346,136,6
5680,7346,12,6
6320,7346,76,6
5471,7346,19,6
5185,7346,85,6
3704,7346,97,6
4534,7346,117,6
5883,7346,45,6
3832,7346,101,6
3788,7346,107,6
6239,7346,135,6
3595,7346,115,6
3651,7346,9,6
3971,7346,125,6
6035,7346,138,6
4921,7346,47,6
5002,7346,87,6
4101,7346,40,6
3567,7346,104,6
4239,7346,143,6
5591,7346,36,6
4146,7346,54,6
5393,7346,35,6
4733,7346,124,6
3513,7346,102,6
6084,7346,78,6
4215,7346,93,6
5966,7346,44,6
6155,7346,129,6
5537,7346,38,6
4008,7346,89,6
3616,7351,115,3
3583,7351,104,3
6230,7351,135,3
3689,7351,97,3
5951,7351,44,3
4972,7351,111,3
5395,7351,84,3
5051,7351,121,3
4698,7351,27,3
4803,7351,150,3
4489,7351,74,3
5268,7351,88,3
3664,7351,9,3
5122,7351,28,4
5987,7351,98,4
6143,7351,129,4
3854,7351,146,4
4352,7351,148,4
4936,7351,47,4
3541,7351,22,5
5320,7351,32,5
4033,7351,96,5
5605,7351,134,5
5067,7351,82,5
5175,7351,85,5
4747,7351,124,5
4674,7351,142,5
3940,7351,99,5
4509,7599,74,2
4052,7599,96,2
4776,7599,64,2
4410,7599,110,2
5040,7599,121,2
5494,7599,91,2
3829,7599,101,2
3732,7599,108,2
4299,7599,105,3
3549,7599,145,3
4975,7599,111,3
5399,7599,84,3
4641,7599,106,3
3995,7599,77,3
5641,7599,131,3
5269,7599,88,3
5571,7599,36,4
5981,7599,98,4
4882,7599,103,4
4354,7599,148,4
4470,7599,11,5
5412,7599,136,5
6217,7599,135,5
4892,7599,47,5
5119,7599,28,5
4995,7599,87,5
5171,7599,85,5
3494,8173,102,1
3751,8173,108,1
6048,8173,113,1
5215,8173,123,1
4161,8173,112,1
3550,8173,145,1
3519,8173,22,1
5877,8173,45,3
4981,8173,111,3
5330,8173,32,3
5396,8173,84,3
4445,8173,11,3
4673,8173,142,3
3700,8173,97,3
6346,8173,100,3
6025,8173,138,4
5805,8173,30,4
4925,8173,47,4
5344,8173,13,4
5525,8173,38,4
4628,8173,106,4
4290,8173,79,4
5784,8173,10,4
5714,8173,139,4
6145,8173,129,4
5062,8173,82,5
4579,8173,126,5
4994,8173,87,5
5980,8173,98,5
5461,8173,136,6
4525,8173,74,6
3964,8173,125,6
4529,8173,117,6
4210,8173,93,6
5468,8173,19,6
3786,8173,107,6
3574,8173,104,6
5603,8173,134,6
4344,8173,148,6
5190,8173,85,6
4837,8173,150,6
3776,8173,116,6
5493,8173,91,6
4142,8173,54,6
4843,8173,141,6
3600,8173,115,6
5391,8173,35,6
4247,8173,143,6
4763,8173,64,6
5298,8173,149,6
3880,8173,146,6
5141,8173,28,6
5053,8173,121,6
5588,8173,36,6
5687,8173,12,6
5961,8173,44,6
4100,8173,40,6
6238,8173,135,6
6330,11133,76,2
6063,11133,113,2
6341,11133,100,2
4623,11133,120,2
5107,11133,83,2
5657,11133,86,2
3866,11133,146,2
3631,11133,9,2
6107,11133,140,2
5947,11133,46,4
5497,11133,91,4
6093,11133,78,4
4703,11133,133,5
4750,11133,124,5
6140,11133,129,5
4477,11133,11,5
6247,11133,95,5
5610,11133,134,5
6172,11133,130,5
4331,11133,148,5
4355,11156,148,4
3749,11156,108,4
5786,11156,10,4
4200,11156,93,4
3516,11156,102,4
6269,11156,132,4
6147,11156,129,4
6053,11156,113,4
4133,11156,54,4
4397,11156,23,4
4315,11156,105,4
6194,11198,135,1
5163,11198,28,1
6310,11198,94,1
4910,11198,47,1
6018,11198,138,1
5338,11198,13,1
5446,11198,136,1
4068,11198,137,1
4719,11198,133,1
5710,11198,139,1
5982,11198,98,4
4048,11198,96,4
5945,11198,46,4
6153,11198,129,4
6267,11198,132,4
5010,11198,87,4
5244,11198,88,5
4171,11198,112,5
5166,11198,85,5
3874,11198,146,5
4468,11198,11,5
3705,11198,97,6
5597,11198,134,6
5538,11198,38,6
3625,11198,122,6
6186,11198,130,6
4235,11198,143,6
6079,11198,78,6
4364,11198,23,6
5488,11198,91,6
4531,11198,117,6
3886,11198,127,6
4773,11198,64,6
5586,11198,36,6
3795,11198,107,6
4141,11198,54,6
4343,11198,148,6
5380,11198,35,6
4722,11198,124,6
5688,11198,12,6
4218,11198,93,6
5885,11198,45,6
5914,11198,144,6
4836,11198,150,6
4635,11198,106,6
3974,11198,125,6
3593,11198,115,6
5092,11198,83,6
3571,11198,104,6
5743,11198,80,6
5294,11198,149,6
4678,11198,142,6
3504,11198,102,6
4943,12517,128,1
3484,12517,102,1
6281,12517,132,1
4917,12517,47,1
5162,12517,28,1
5444,12517,136,1
6199,12517,135,1
6297,12517,94,1
4081,12517,137,1
5704,12517,139,1
4657,12517,142,1
5767,12517,10,1
5824,12517,147,4
4849,12517,141,4
4762,12517,64,4
5795,12517,119,4
4286,12517,79,4
4205,12517,93,4
5570,12517,36,4
6367,12517,100,4
5220,12517,118,5
6141,12517,129,5
4472,12517,11,5
4996,12517,87,5
5862,12517,45,5
5963,12517,44,6
6044,12517,138,6
3706,12517,97,6
6318,12517,76,6
4242,12517,143,6
5272,12517,88,6
3883,12517,146,6
3836,12517,101,6
5491,12517,91,6
5746,12517,80,6
5180,12517,85,6
4337,12517,148,6
4362,12517,23,6
3787,12517,107,6
4835,12517,150,6
4988,12517,111,6
3889,12517,127,6
5290,12517,149,6
5677,12517,12,6
4183,12517,112,6
3565,12517,104,6
4005,12517,89,6
3597,12517,115,6
5383,12517,35,6
5547,12517,38,6
3965,12517,125,6
5663,12517,86,6
6280,14593,132,1
4956,14593,114,1
5369,14593,35,1
4942,14593,128,1
3905,14593,127,1
4165,14593,112,1
4069,14593,137,1
4326,14593,41,1
4063,14593,96,1
5939,14593,46,1
3715,14593,97,2
5306,14593,32,2
6111,14593,140,2
5848,14593,45,2
5434,14593,136,2
4616,14593,120,2
5565,14593,36,2
5050,14593,121,3
4278,14593,79,3
5267,14593,88,3
6360,14593,100,3
3953,14593,125,3
4800,14593,150,3
4976,14593,111,3
5084,14593,82,3
5720,14593,139,3
4485,14593,74,3
5800,14593,30,6
3590,14593,115,6
5550,14593,38,6
6235,14593,135,6
5968,14593,44,6
4593,14593,126,6
3884,14593,146,6
5145,14593,28,6
5005,14593,87,6
4338,14593,148,6
5661,14593,86,6
4530,14593,117,6
4772,14593,64,6
5916,14593,144,6
4208,14593,93,6
6041,14593,138,6
3569,14593,104,6
5474,14593,19,6
5481,14593,91,6
5186,14593,85,6
3509,14593,102,6
4728,14593,124,6
4134,14593,54,6
6074,14593,78,6
4103,14593,40,6
4637,14593,106,6
3653,14593,9,6
3844,14593,101,6
5685,14593,12,6
4920,14593,47,6
5601,14593,134,6
4361,19560,148,4
5228,19560,118,4
4453,19560,11,4
3756,19560,116,4
5785,19560,10,4
4284,19560,79,4
5826,19560,147,4
6024,19560,138,4
6088,19560,78,4
5890,19560,69,4
4398,19560,23,4
5075,19560,82,4
6029,19565,138,4
3769,19565,116,4
5897,19565,69,4
3748,19565,108,4
4203,19565,93,4
3518,19565,102,4
4392,19565,23,4
5815,19565,30,4
5672,19565,12,4
4320,19565,105,4
6338,25076,76,2
5562,25076,36,2
5904,25076,69,2
4127,25076,54,2
3727,25076,108,2
6162,25076,129,2
5097,25076,83,2
5819,25076,147,2
4615,25076,120,2
4060,25076,96,2
6117,25076,140,3
4302,25076,105,3
5155,25076,28,3
3951,25076,125,3
3992,25076,77,3
4982,25076,111,3
6352,25076,100,3
3766,25076,116,4
4514,25076,74,4
5362,25076,92,4
4391,25076,23,4
4755,25076,124,4
5921,25076,144,4
4854,25076,141,4
5864,25076,45,5
5614,25076,134,5
5015,25076,121,5
3672,25076,109,5
4176,25076,112,5
2492,7334,134,0
951,9630,112,0
2704,498,139,0
2348,9730,19,0
2506,2031,134,0
120,20,104,0
2699,498,139,0
162,11208,115,0
2942,1070,144,0
1244,17000,74,0
2815,5503,10,0
2872,549,30,0
2707,498,139,0
2196,126,32,0
2963,7334,46,0
2194,126,32,0
2816,5503,10,0
1032,74,79,0
2693,498,139,0
342,239,108,0
1493,493,133,0
302,375,97,0
1345,26758,120,0
112,20,104,0
943,11208,112,0
2583,1068,131,0
2420,1384,38,0
1001,1074,143,0
3479,9630,100,0
2881,74,147,0
2962,7334,46,0
1769,1070,111,0
2056,493,123,0
2228,1074,35,0
963,549,93,0
2559,76,134,0
2848,5503,30,0
1055,498,105,0
1765,1070,111,0
449,74,146,0
1128,6036,23,0
2709,9630,80,0
2241,1074,35,0
2814,126,10,0
260,1384,109,0
819,9730,40,0
508,1070,146,0
1380,375,106,0
2865,549,30,0
3234,549,129,0
1269,731,74,0
1777,11208,111,0
1312,5503,126,0
2292,11208,136,0
2232,1074,35,0
2450,1384,36,0
3271,126,130,0
292,230,97,0
3210,1068,129,0
2149,5503,88,0
2730,375,80,0
731,498,89,0
356,731,116,0
3362,6036,135,0
1377,74,106,0
436,9730,101,0
2473,375,36,0
178,9630,122,0
459,76,146,0
1294,126,117,0
1618,1068,150,0
1563,1068,64,0
3321,2031,130,0
38,1384,22,0
578,1384,99,0
58,2031,22,0
1307,5503,126,0
2059,1068,123,0
782,239,96,0
3168,7334,129,0
441,9730,101,0
884,731,54,0
1875,731,83,0
696,9630,77,0
1134,6036,23,0
97,5503,145,0
590,18,125,0
3045,1384,98,0
334,20,108,0
661,5503,125,0
2365,18,91,0
738,498,89,0
279,26758,97,0
1960,11208,85,0
192,11208,122,0
3410,18,94,0
2197,126,32,0
646,126,125,0
1716,11208,128,0
1350,6036,120,0
984,5503,143,0
589,126,99,0
1566,1068,64,0
464,76,146,0
814,26758,40,0
3358,7334,135,0
715,126,89,0
2862,17000,30,0
2675,74,139,0
2780,11208,80,0
2017,498,123,0
867,549,40,0
2091,498,118,0
472,76,146,0
3238,498,129,0
275,26758,97,0
958,17000,93,0
1258,9730,74,0
1852,9730,83,0
2570,731,131,0
3255,239,129,0
759,230,96,0
225,6036,9,0
1825,76,121,0
2373,18,91,0
1878,731,83,0
1674,230,47,0
1320,2031,126,0
1184,549,110,0
2850,5503,30,0
2198,493,13,0
1793,1384,111,0
3423,239,94,0
2211,375,92,0
2344,9730,19,0
2501,2031,134,0
2920,549,144,0
1631,1068,150,0
2990,6036,46,0
2266,9630,35,0
2051,493,123,0
1547,1070,64,0
2677,74,139,0
3017,126,44,0
2853,5503,30,0
1912,493,28,0
2145,5503,88,0
2195,126,32,0
964,549,93,0
2018,2031,123,0
742,1068,89,0
712,1070,89,0
1271,731,74,0
2206,375,92,0
39,9730,22,0
3462,74,100,0
3345,230,135,0
779,17000,96,0
386,74,107,0
3209,1068,129,0
3148,375,129,0
3320,2031,130,0
1811,230,121,0
2360,18,91,0
1314,5503,126,0
1554,1070,64,0
1334,1074,126,0
31,7334,102,0
2380,74,38,0
3342,26758,130,0
1449,9730,27,0
1896,20,28,0
2983,498,46,0
2748,26758,80,0
2346,9730,19,0
1303,5503,126,0
2521,11208,134,0
805,2031,137,0
2467,1070,36,0
3009,9630,46,0
969,26758,143,0
2135,126,88,0
748,5503,96,0
628,9730,125,0
2653,74,12,0
2679,7334,139,0
98,5503,145,0
564,18,99,0
3026,18,44,0
3335,26758,130,0
67,2031,22,0
614,1070,125,0
1914,493,28,0
3158,1074,129,0
2410,1070,38,0
2943,1070,144,0
2003,11208,123,0
3048,1384,98,0
922,239,54,0
637,2031,125,0
170,549,122,0
1849,9730,83,0
2784,11208,80,0
2335,493,136,0
214,1070,122,0
1533,11208,64,0
2212,375,92,0
2328,493,136,0
2147,5503,88,0
2931,549,144,0
37,1384,22,0
234,26758,9,0
2050,493,123,0
925,239,54,0
1564,1068,64,0
1442,9730,27,0
425,1070,107,0
2622,1384,86,0
723,9630,89,0
3056,230,98,0
1059,1074,105,0
1379,375,106,0
3000,9630,46,0
2172,11208,149,0
2207,375,92,0
2670,74,139,0
3132,26758,140,0
1997,11208,123,0
3310,239,130,0
418,1070,107,0
2615,1384,86,0
1101,2031,148,0
894,549,54,0
2791,74,10,0
3191,5503,129,0
588,1384,99,0
2496,2031,134,0
692,9730,77,0
2112,239,118,0
3440,26758,76,0
2433,20,36,0
357,731,116,0
3174,7334,129,0
1814,230,121,0
3266,126,130,0
2062,1068,123,0
1479,2031,133,0
2253,9630,35,0
1648,11208,141,0
3434,26758,76,0
2093,498,118,0
20,2031,102,0
756,5503,96,0
634,26758,125,0
157,11208,115,0
997,1074,143,0
3115,20,78,0
2548,76,134,0
410,18,107,0
294,230,97,0
3099,126,78,0
3175,7334,129,0
1851,9730,83,0
3433,26758,76,0
2498,2031,134,0
2313,126,136,0
2640,26758,12,0
1419,549,142,0
1779,11208,111,0
3003,9630,46,0
1748,7334,128,0
3467,74,100,0
29,26758,102,0
2368,18,91,0
711,1070,89,0
3214,1068,129,0
2387,74,38,0
2299,11208,136,0
2219,18,35,0
1193,239,81,0
946,498,112,0
1895,20,28,0
2779,11208,80,0
1197,239,81,0
2803,126,10,0
2778,11208,80,0
996,74,143,0
2325,493,136,0
2012,498,123,0
962,549,93,0
424,1070,107,0
3136,18,129,0
541,17000,99,0
2974,7334,46,0
1396,493,106,0
2252,9630,35,0
1764,1070,111,0
3135,26758,140,0
340,20,108,0
1162,375,110,0
2967,7334,46,0
1893,20,28,0
3277,126,130,0
3400,239,132,0
849,20,40,0
1272,731,74,0
2516,11208,134,0
1454,1070,133,0
394,74,107,0
1095,239,148,0
3127,26758,140,0
3078,126,113,0
3163,1074,129,0
1084,1070,148,0
3224,230,129,0
3302,239,130,0
1487,493,133,0
48,9730,22,0
3380,6036,135,0
518,26758,127,0
224,6036,9,0
2761,76,80,0
1382,375,106,0
532,26758,127,0
1734,7334,128,0
2367,18,91,0
2961,7334,46,0
1092,239,148,0
629,26758,125,0
3443,26758,76,0
568,18,99,0
1590,498,150,0
2635,26758,12,0
830,1070,40,0
2807,126,10,0
1883,731,83,0
2725,375,80,0
2550,76,134,0
3454,74,100,0
815,26758,40,0
1868,126,83,0
1253,9730,74,0
2474,375,36,0
2488,375,36,0
1441,9730,27,0
2261,9630,35,0
2451,1384,36,0
1610,76,150,0
316,375,97,0
227,26758,9,0
1195,239,81,0
3445,26758,76,0
2692,498,139,0
3458,74,100,0
430,1068,107,0
1455,1070,133,0
2740,74,80,0
2354,6036,91,0
1576,5503,150,0
440,9730,101,0
1846,549,82,0
1474,9730,133,0
1266,731,74,0
2509,5503,134,0
1367,731,120,0
1974,731,85,0
3457,74,100,0
1248,17000,74,0
185,9630,122,0
3416,9630,94,0
662,5503,125,0
1335,1074,126,0
2311,126,136,0
938,11208,112,0
885,1070,54,0
3337,26758,130,0
2036,2031,123,0
1139,6036,23,0
1900,20,28,0
1072,1074,41,0
278,26758,97,0
2066,1068,123,0
576,76,99,0
1926,7334,28,0
1413,9630,142,0
2397,239,38,0
2102,498,118,0
1477,2031,133,0
2718,20,80,0
3430,9630,76,0
1171,375,110,0
2747,26758,80,0
840,20,40,0
3218,26758,129,0
1606,76,150,0
3472,549,100,0
1105,2031,148,0
2996,6036,46,0
1131,6036,23,0
1774,6036,111,0
3034,498,98,0
1507,731,124,0
1062,731,105,0
2769,11208,80,0
2092,498,118,0
1094,239,148,0
3477,9630,100,0
3292,9730,130,0
166,126,115,0
3340,26758,130,0
125,20,104,0
1506,731,124,0
1892,20,28,0
167,126,115,0
467,76,146,0
680,126,77,0
196,11208,122,0
2627,26758,12,0
3040,498,98,0
1280,731,74,0
108,20,104,0
2966,7334,46,0
1451,1070,133,0
1261,9730,74,0
2189,126,32,0
2936,7334,144,0
1065,1074,41,0
1121,375,23,0
1068,1074,41,0
729,498,89,0
893,74,54,0
1292,126,117,0
76,239,145,0
2404,1070,38,0
1007,18,143,0
1410,9630,142,0
144,498,104,0
1404,1384,106,0
2234,1074,35,0
1612,76,150,0
3330,26758,130,0
2260,9630,35,0
2190,126,32,0
2034,2031,123,0
2362,18,91,0
2438,493,36,0
2703,498,139,0
609,1070,125,0
1440,9730,27,0
3261,11208,129,0
2394,74,38,0
362,1070,116,0
159,11208,115,0
1671,11208,47,0
2766,76,80,0
2887,126,45,0
2160,6036,88,0
1649,11208,141,0
1002,1074,143,0
1044,74,79,0
219,1070,122,0
1702,7334,47,0
1541,1070,64,0
1715,11208,128,0
743,5503,96,0
1575,1068,64,0
78,239,145,0
484,5503,146,0
718,20,89,0
1346,6036,120,0
3004,9630,46,0
570,2031,99,0
2770,11208,80,0
2214,18,35,0
49,9730,22,0
610,1070,125,0
337,20,108,0
201,11208,122,0
444,9730,101,0
797,239,96,0
829,1070,40,0
1185,549,110,0
2608,1384,86,0
3031,1384,44,0
119,20,104,0
1577,5503,150,0
2741,74,80,0
1136,6036,23,0
765,17000,96,0
1249,17000,74,0
2580,1068,131,0
3118,20,78,0
927,239,54,0
3161,1074,129,0
1603,76,150,0
934,11208,112,0
2988,498,46,0
2729,375,80,0
2104,18,118,0
617,7334,125,0
839,20,40,0
1992,11208,123,0
3128,26758,140,0
3347,230,135,0
1692,7334,47,0
2564,2031,131,0
3138,375,129,0
2978,498,46,0
968,26758,143,0
2504,2031,134,0
2534,549,134,0
919,239,54,0
612,1070,125,0
1700,7334,47,0
3119,20,78,0
1887,20,28,0
1492,493,133,0
864,549,40,0
3104,9630,78,0
2026,2031,123,0
3002,9630,46,0
3394,2031,95,0
2854,17000,30,0
1458,9730,133,0
2819,5503,10,0
1905,20,28,0
3267,126,130,0
2355,6036,91,0
198,11208,122,0
642,126,125,0
1615,1068,150,0
1602,76,150,0
2440,493,36,0
353,731,116,0
1973,731,85,0
707,1070,89,0
2223,18,35,0
90,5503,145,0
1666,11208,47,0
2332,493,136,0
338,20,108,0
1749,7334,128,0
1956,11208,85,0
1041,74,79,0
3420,239,94,0
949,9630,112,0
2471,375,36,0
1946,11208,85,0
1137,6036,23,0
1760,1070,111,0
1052,126,79,0
1295,126,117,0
1357,6036,120,0
1111,375,148,0
168,549,122,0
401,18,107,0
2569,731,131,0
1693,7334,47,0
1799,1068,87,0
1753,239,114,0
514,1070,146,0
641,2031,125,0
676,126,77,0
1022,18,143,0
1071,1074,41,0
3014,126,44,0
373,1070,116,0
2539,731,134,0
2577,731,131,0
1904,20,28,0
249,126,9,0
2213,375,92,0
3229,9730,129,0
186,9630,122,0
1880,731,83,0
1324,1074,126,0
673,126,77,0
1038,74,79,0
1528,11208,64,0
1500,2031,124,0
1060,731,105,0
2523,11208,134,0
516,26758,127,0
124,20,104,0
2585,1068,131,0
908,549,54,0
3318,2031,130,0
1512,731,124,0
330,20,108,0
2584,1068,131,0
2893,126,45,0
533,26758,127,0
2096,498,118,0
780,17000,96,0
95,5503,145,0
3389,2031,95,0
556,18,99,0
2154,5503,88,0
1714,11208,128,0
1466,9730,133,0
1768,1070,111,0
912,239,54,0
2527,230,134,0
151,498,104,0
2596,18,86,0
1762,1070,111,0
2414,1070,38,0
156,11208,115,0
1589,498,150,0
1496,493,133,0
2342,498,19,0
552,18,99,0
1498,7334,124,0
1344,26758,120,0
1006,18,143,0
1480,230,133,0
957,17000,93,0
660,5503,125,0
757,5503,96,0
1772,1070,111,0
141,126,104,0
1955,11208,85,0
2823,5503,10,0
1713,11208,128,0
763,17000,96,0
1482,230,133,0
1182,493,110,0
3193,5503,129,0
70,2031,22,0
3343,230,135,0
2293,11208,136,0
1116,375,23,0
939,11208,112,0
2646,74,12,0
632,26758,125,0
2638,26758,12,0
887,17000,54,0
2658,74,12,0
2541,731,134,0
886,1070,54,0
2107,18,118,0
164,11208,115,0
980,5503,143,0
259,1384,109,0
747,5503,96,0
2759,76,80,0
687,493,77,0
281,26758,97,0
937,11208,112,0
476,5503,146,0
1901,20,28,0
2565,2031,131,0
2959,1070,144,0
2246,76,35,0
1004,1074,143,0
623,9730,125,0
1408,1074,142,0
1015,18,143,0
784,239,96,0
3182,2031,129,0
1730,11208,128,0
1416,549,142,0
1140,6036,23,0
706,1070,89,0
137,126,104,0
3429,9630,76,0
2009,498,123,0
2479,375,36,0
781,17000,96,0
1308,5503,126,0
2349,9730,19,0
1637,239,141,0
350,731,116,0
1393,493,106,0
1313,5503,126,0
1222,11208,11,0
3388,2031,95,0
346,9730,116,0
1255,9730,74,0
2922,549,144,0
3268,126,130,0
1948,11208,85,0
2970,7334,46,0
1813,230,121,0
2563,2031,131,0
389,74,107,0
3116,20,78,0
2632,26758,12,0
1421,549,142,0
465,76,146,0
3279,9730,130,0
2285,9730,84,0
246,126,9,0
3139,375,129,0
986,5503,143,0
604,18,125,0
651,74,125,0
1370,731,120,0
2021,2031,123,0
105,5503,145,0
69,2031,22,0
1183,549,110,0
1150,9630,110,0
838,1070,40,0
1205,17000,81,0
93,5503,145,0
685,126,77,0
3044,1384,98,0
2517,11208,134,0
54,9730,22,0
1759,239,114,0
1020,18,143,0
1054,126,79,0
2258,9630,35,0
3307,239,130,0
375,76,116,0
240,26758,9,0
2948,1070,144,0
2324,493,136,0
1775,11208,111,0
1605,76,150,0
1450,1070,133,0
684,126,77,0
1112,375,23,0
2616,1384,86,0
1147,230,110,0
74,2031,22,0
2739,74,80,0
1922,7334,28,0
1423,549,142,0
2743,74,80,0
2973,7334,46,0
1388,493,106,0
515,1070,146,0
517,26758,127,0
1621,1068,150,0
1245,17000,74,0
1927,7334,28,0
363,1070,116,0
488,375,146,0
86,239,145,0
1300,5503,126,0
947,498,112,0
2676,74,139,0
3436,26758,76,0
349,9730,116,0
2630,26758,12,0
2618,1384,86,0
2442,493,36,0
1447,9730,27,0
1524,230,64,0
599,18,125,0
2631,26758,12,0
999,1074,143,0
987,74,143,0
739,498,89,0
868,549,40,0
1151,9630,110,0
1398,493,106,0
146,498,104,0
1970,731,85,0
115,20,104,0
1180,493,110,0
1638,239,141,0
523,26758,127,0
1027,74,79,0
2998,6036,46,0
1519,17000,64,0
795,239,96,0
2684,7334,139,0
1823,230,121,0
1537,11208,64,0
419,1070,107,0
2836,2031,119,0
1204,17000,81,0
649,74,125,0
883,230,40,0
483,5503,146,0
1585,6036,150,0
155,1384,115,0
1546,1070,64,0
2046,493,123,0
308,375,97,0
1600,76,150,0
2125,239,118,0
2053,493,123,0
2295,11208,136,0
2975,7334,46,0
47,9730,22,0
1338,493,120,0
1963,11208,85,0
786,239,96,0
2137,126,88,0
565,18,99,0
624,9730,125,0
3365,6036,135,0
2064,1068,123,0
390,74,107,0
2,1068,102,0
1414,9630,142,0
1751,7334,128,0
1911,493,28,0
1990,11208,123,0
1795,1384,111,0
2905,7334,45,0
1949,11208,85,0
3074,9730,138,0
2952,1070,144,0
650,74,125,0
2013,498,123,0
2331,493,136,0
499,375,146,0
2672,74,139,0
3284,9730,130,0
3316,2031,130,0
3067,9730,138,0
2463,1070,36,0
1376,74,106,0
2478,375,36,0
2749,26758,80,0
2249,76,35,0
3264,11208,129,0
3351,230,135,0
2870,549,30,0
3248,239,129,0
1981,2031,90,0
3311,2031,130,0
1744,7334,128,0
870,230,40,0
710,1070,89,0
2388,74,38,0
180,9630,122,0
339,20,108,0
2913,20,69,0
1816,230,121,0
2302,11208,136,0
466,76,146,0
3278,9730,130,0
3399,239,132,0
254,1384,109,0
169,549,122,0
2111,239,118,0
1894,20,28,0
3289,9730,130,0
3041,498,98,0
3012,126,44,0
2127,126,88,0
491,375,146,0
1141,6036,23,0
2515,5503,134,0
872,230,40,0
1125,375,23,0
2546,76,134,0
3293,239,130,0
1542,1070,64,0
2239,1074,35,0
2502,2031,134,0
2028,2031,123,0
1863,126,83,0
1173,375,110,0
3147,375,129,0
3304,239,130,0
540,17000,99,0
3471,549,100,0
2844,6036,119,0
2992,6036,46,0
1290,126,117,0
1452,1070,133,0
1358,6036,120,0
807,26758,40,0
2037,2031,123,0
62,2031,22,0
1395,493,106,0
1984,7334,90,0
3327,2031,130,0
1196,239,81,0
3126,26758,140,0
268,76,109,0
1982,2031,90,0
998,1074,143,0
1079,1070,148,0
3344,230,135,0
2641,26758,12,0
2095,498,118,0
197,11208,122,0
734,498,89,0
1543,1070,64,0
463,76,146,0
2276,9730,84,0
929,1068,112,0
1921,1074,28,0
443,9730,101,0
385,74,107,0
1679,230,47,0
693,9730,77,0
2086,11208,118,0
1558,1068,64,0
745,5503,96,0
2514,5503,134,0
2078,11208,118,0
325,126,97,0
753,5503,96,0
1726,11208,128,0
528,26758,127,0
498,375,146,0
2199,493,13,0
2486,375,36,0
2099,498,118,0
1025,239,79,0
87,239,145,0
3349,230,135,0
2904,7334,45,0
1508,731,124,0
3133,26758,140,0
2371,18,91,0
638,2031,125,0
2619,1384,86,0
3466,74,100,0
2751,76,80,0
1697,7334,47,0
2334,493,136,0
293,230,97,0
1818,230,121,0
1386,493,106,0
3239,498,129,0
1234,11208,11,0
2075,11208,118,0
1430,493,27,0
359,20,116,0
2178,11208,149,0
1616,1068,150,0
478,5503,146,0
152,1384,115,0
766,17000,96,0
1462,9730,133,0
767,17000,96,0
1781,11208,111,0
1049,126,79,0
2396,239,38,0
2572,731,131,0
313,375,97,0
2832,2031,119,0
2935,549,144,0
1659,11208,47,0
2077,11208,118,0
592,18,125,0
1683,230,47,0
3243,239,129,0
1369,731,120,0
820,9730,40,0
1298,126,117,0
2908,1068,45,0
2717,20,80,0
414,18,107,0
1841,549,82,0
1457,9730,133,0
1013,18,143,0
831,1070,40,0
2163,6036,88,0
3469,549,100,0
2712,9630,80,0
2455,18,36,0
1325,1074,126,0
657,74,125,0
1270,731,74,0
1051,126,79,0
2282,9730,84,0
3201,20,129,0
2182,126,149,0
113,20,104,0
703,1070,89,0
2456,18,36,0
631,26758,125,0
1676,230,47,0
367,1070,116,0
3091,126,113,0
988,74,143,0
252,1384,109,0
2826,5503,10,0
511,1070,146,0
2562,375,131,0
276,26758,97,0
3325,2031,130,0
3039,498,98,0
3348,230,135,0
1517,17000,64,0
2817,5503,10,0
1438,9730,27,0
3230,9730,129,0
1783,11208,111,0
3242,239,129,0
666,5503,125,0
1725,11208,128,0
1994,11208,123,0
3391,2031,95,0
160,11208,115,0
2209,375,92,0
1598,76,150,0
3024,18,44,0
2888,126,45,0
2008,498,123,0
1732,9730,128,0
2417,1070,38,0
1968,731,85,0
3332,26758,130,0
2409,1070,38,0
2719,20,80,0
686,126,77,0
2726,375,80,0
1160,375,110,0
2789,74,10,0
2185,126,32,0
1327,1074,126,0
777,17000,96,0
2445,1384,36,0
2837,549,119,0
497,375,146,0
1952,11208,85,0
3069,9730,138,0
1153,9630,110,0
94,5503,145,0
1509,731,124,0
2785,11208,80,0
977,5503,143,0
2781,11208,80,0
2950,1070,144,0
263,76,109,0
510,1070,146,0
405,18,107,0
2591,18,86,0
2333,493,136,0
1819,230,121,0
2494,2031,134,0
579,1384,99,0
1256,9730,74,0
2711,9630,80,0
2395,74,38,0
4,74,102,0
2793,74,10,0
1330,1074,126,0
2606,1384,86,0
2912,20,69,0
3373,6036,135,0
2024,2031,123,0
647,74,125,0
798,2031,137,0
2193,126,32,0
1283,126,117,0
2157,5503,88,0
3412,9630,94,0
869,549,40,0
2270,9730,84,0
2623,1384,86,0
3077,126,113,0
1623,1068,150,0
2084,11208,118,0
2736,74,80,0
2827,5503,10,0
1217,239,11,0
1478,2031,133,0
770,17000,96,0
3372,6036,135,0
3297,239,130,0
3361,7334,135,0
2225,18,35,0
226,6036,9,0
704,1070,89,0
1029,74,79,0
3087,126,113,0
2000,11208,123,0
3447,26758,76,0
2651,74,12,0
388,74,107,0
502,1070,146,0
266,76,109,0
75,239,145,0
2181,11208,149,0
1232,11208,11,0
1186,549,110,0
3280,9730,130,0
402,18,107,0
2538,731,134,0
3246,239,129,0
1366,731,120,0
3375,6036,135,0
1845,549,82,0
2938,7334,144,0
2995,6036,46,0
2113,239,118,0
1808,230,121,0
1647,74,141,0
61,2031,22,0
2721,20,80,0
3068,9730,138,0
1203,17000,81,0
3195,5503,129,0
2422,20,36,0
1523,230,64,0
179,9630,122,0
3103,9630,78,0
1005,1074,143,0
1685,230,47,0
287,230,97,0
133,126,104,0
1767,1070,111,0
3368,6036,135,0
1983,7334,90,0
1881,731,83,0
2955,1070,144,0
2047,493,123,0
2427,20,36,0
2750,26758,80,0
920,239,54,0
1422,549,142,0
1317,5503,126,0
2192,126,32,0
824,1070,40,0
1364,731,120,0
1429,549,142,0
2351,9730,19,0
25,26758,102,0
2499,2031,134,0
2363,18,91,0
2885,126,45,0
2482,375,36,0
129,126,104,0
1459,9730,133,0
2121,239,118,0
1254,9730,74,0
2669,74,139,0
808,26758,40,0
1392,493,106,0
2045,493,123,0
1822,230,121,0
326,126,97,0
415,18,107,0
3275,126,130,0
1347,6036,120,0
1,1068,102,0
1969,731,85,0
1389,493,106,0
1076,1070,148,0
3338,26758,130,0
457,74,146,0
2642,26758,12,0
2926,549,144,0
3033,498,98,0
1340,493,120,0
1962,11208,85,0
3381,1068,135,0
3143,375,129,0
1082,1070,148,0
59,2031,22,0
3150,375,129,0
613,1070,125,0
2352,2031,91,0
3424,74,94,0
2162,6036,88,0
2484,375,36,0
1652,7334,103,0
1684,230,47,0
3197,5503,129,0
1651,7334,103,0
1088,1070,148,0
1497,493,133,0
1873,731,83,0
3022,18,44,0
2461,1070,36,0
1588,498,150,0
2161,6036,88,0
2229,1074,35,0
1626,1068,150,0
1247,17000,74,0
2151,5503,88,0
1371,731,120,0
1763,1070,111,0
2989,498,46,0
319,126,97,0
1877,731,83,0
172,549,122,0
1859,9730,83,0
2403,1070,38,0
1829,76,121,0
2551,76,134,0
3448,26758,76,0
983,5503,143,0
1812,230,121,0
1740,7334,128,0
817,9730,40,0
3094,2031,78,0
2011,498,123,0
2337,1384,19,0
1980,2031,90,0
1622,1068,150,0
2875,74,147,0
1058,1074,105,0
572,2031,99,0
789,239,96,0
2611,1384,86,0
741,498,89,0
3369,6036,135,0
1619,1068,150,0
701,1070,89,0
2267,9630,35,0
3371,6036,135,0
3308,239,130,0
2581,1068,131,0
3108,498,78,0
3291,9730,130,0
2566,2031,131,0
809,26758,40,0
1135,6036,23,0
2849,5503,30,0
242,26758,9,0
2142,5503,88,0
1906,493,28,0
2705,498,139,0
2507,2031,134,0
3211,1068,129,0
1689,7334,47,0
3154,1074,129,0
3404,239,132,0
403,18,107,0
1110,375,148,0
959,17000,93,0
900,549,54,0
2688,498,139,0
2556,76,134,0
3240,498,129,0
1190,549,110,0
2645,74,12,0
351,731,116,0
834,1070,40,0
3070,9730,138,0
80,239,145,0
3283,9730,130,0
445,9730,101,0
3422,239,94,0
1712,11208,128,0
1924,7334,28,0
2240,1074,35,0
2401,1070,38,0
1189,549,110,0
2322,26758,136,0
992,74,143,0
932,11208,112,0
897,549,54,0
277,26758,97,0
2909,1068,45,0
2251,9630,35,0
2840,6036,119,0
3205,1068,129,0
3465,74,100,0
730,498,89,0
1200,17000,81,0
345,9730,116,0
3180,2031,129,0
1309,5503,126,0
2859,17000,30,0
3035,498,98,0
1175,375,110,0
2910,1068,45,0
3286,9730,130,0
2338,1384,19,0
33,1384,22,0
2590,18,86,0
821,9730,40,0
453,74,146,0
2358,18,91,0
2356,6036,91,0
1037,74,79,0
1090,1070,148,0
3219,26758,129,0
3341,26758,130,0
1490,493,133,0
2364,18,91,0
451,74,146,0
2742,74,80,0
2411,1070,38,0
2716,20,80,0
1677,230,47,0
1093,239,148,0
1468,9730,133,0
315,375,97,0
3254,239,129,0
1586,6036,150,0
2682,7334,139,0
1723,11208,128,0
372,1070,116,0
1743,7334,128,0
862,498,40,0
493,375,146,0
2746,26758,80,0
3309,239,130,0
3169,7334,129,0
232,26758,9,0
1534,11208,64,0
813,26758,40,0
3134,26758,140,0
2654,74,12,0
3222,230,129,0
2204,375,92,0
183,9630,122,0
898,549,54,0
728,498,89,0
416,1070,107,0
3200,5503,129,0
1699,7334,47,0
3328,26758,130,0
1680,230,47,0
615,1070,125,0
989,74,143,0
1721,11208,128,0
3415,9630,94,0
145,498,104,0
1800,1068,87,0
1332,1074,126,0
2687,7334,139,0
3323,2031,130,0
3460,74,100,0
2136,126,88,0
3171,7334,129,0
967,26758,143,0
2529,230,134,0
790,239,96,0
7,74,102,0
412,18,107,0
2614,1384,86,0
2671,74,139,0
2452,1384,36,0
2007,498,123,0
2794,74,10,0
14,2031,102,0
3179,2031,129,0
1415,549,142,0
3237,498,129,0
1933,375,85,0
1018,18,143,0
507,1070,146,0
217,1070,122,0
2549,76,134,0
310,375,97,0
2855,17000,30,0
944,11208,112,0
269,76,109,0
1115,375,23,0
2744,74,80,0
593,18,125,0
2597,18,86,0
1704,375,47,0
2519,11208,134,0
2856,17000,30,0
344,9730,116,0
1033,74,79,0
918,239,54,0
844,20,40,0
2757,76,80,0
538,17000,99,0
333,20,108,0
1815,230,121,0
524,26758,127,0
3470,549,100,0
1782,11208,111,0
383,74,107,0
153,1384,115,0
1155,9630,110,0
1463,9730,133,0
3329,26758,130,0
2560,375,131,0
2023,2031,123,0
1412,9630,142,0
64,2031,22,0
1836,549,82,0
960,549,93,0
1133,6036,23,0
2533,549,134,0
904,549,54,0
1117,375,23,0
3235,498,129,0
101,5503,145,0
553,18,99,0
545,17000,99,0
1326,1074,126,0
448,74,146,0
428,1068,107,0
3392,2031,95,0
2900,126,45,0
825,1070,40,0
32,7334,102,0
2810,126,10,0
438,9730,101,0
434,1384,107,0
2997,6036,46,0
2999,6036,46,0
63,2031,22,0
1091,239,148,0
1240,11208,11,0
1401,1384,106,0
3270,126,130,0
174,549,122,0
985,5503,143,0
3036,498,98,0
3231,9730,129,0
521,26758,127,0
46,9730,22,0
2949,1070,144,0
2447,1384,36,0
1727,11208,128,0
2061,1068,123,0
683,126,77,0
2120,239,118,0
173,549,122,0
2980,498,46,0
317,126,97,0
1696,7334,47,0
352,731,116,0
771,17000,96,0
473,76,146,0
2914,20,69,0
1966,731,85,0
2971,7334,46,0
1267,731,74,0
3076,126,113,0
2306,230,136,0
774,17000,96,0
2405,1070,38,0
527,26758,127,0
3431,9630,76,0
3339,26758,130,0
2236,1074,35,0
3164,1074,129,0
3425,74,94,0
3183,2031,129,0
2481,375,36,0
2248,76,35,0
1991,11208,123,0
671,5503,125,0
500,375,146,0
2100,498,118,0
2436,493,36,0
3090,126,113,0
1803,1068,87,0
1405,1384,106,0
3464,74,100,0
895,549,54,0
89,239,145,0
3376,6036,135,0
3269,126,130,0
3432,26758,76,0
1113,375,23,0
3144,375,129,0
2802,126,10,0
231,26758,9,0
2006,498,123,0
3225,9730,129,0
1226,11208,11,0
3125,20,78,0
1026,239,79,0
2609,1384,86,0
973,5503,143,0
370,1070,116,0
3296,239,130,0
2139,126,88,0
2697,498,139,0
1435,9730,27,0
1511,731,124,0
1259,9730,74,0
2054,493,123,0
1915,493,28,0
688,493,77,0
3160,1074,129,0
3453,74,100,0
1923,7334,28,0
675,126,77,0
1645,74,141,0
2898,126,45,0
633,26758,125,0
2439,493,36,0
1708,375,47,0
127,126,104,0
354,731,116,0
3401,239,132,0
1629,1068,150,0
1562,1068,64,0
3317,2031,130,0
1514,731,124,0
2698,498,139,0
3374,6036,135,0
2906,1068,45,0
892,20,54,0
3411,9630,94,0
3300,239,130,0
2055,493,123,0
60,2031,22,0
3101,9630,78,0
264,76,109,0
2876,74,147,0
2103,18,118,0
2573,731,131,0
2309,126,136,0
2805,126,10,0
2300,11208,136,0
1070,1074,41,0
1913,493,28,0
1614,1068,150,0
2426,20,36,0
1986,375,90,0
1746,7334,128,0
1757,239,114,0
2867,549,30,0
755,5503,96,0
2069,1068,123,0
336,20,108,0
1972,731,85,0
1954,11208,85,0
1688,74,47,0
1698,7334,47,0
222,6036,9,0
2497,2031,134,0
427,1068,107,0
1053,126,79,0
305,375,97,0
1750,7334,128,0
2727,375,80,0
2535,549,134,0
606,18,125,0
972,5503,143,0
857,20,40,0
417,1070,107,0
1741,7334,128,0
600,18,125,0
1632,1068,150,0
674,126,77,0
1832,76,121,0
1296,126,117,0
1287,126,117,0
1285,126,117,0
2723,375,80,0
2374,18,91,0
3223,230,129,0
1701,7334,47,0
1951,11208,85,0
1820,230,121,0
1045,126,79,0
3007,9630,46,0
3156,1074,129,0
1754,239,114,0
2798,126,10,0
408,18,107,0
208,1070,122,0
1427,549,142,0
1798,1384,111,0
2846,5503,30,0
698,9630,77,0
2701,498,139,0
1917,1074,28,0
744,5503,96,0
3360,7334,135,0
3364,6036,135,0
573,76,99,0
567,18,99,0
1664,11208,47,0
961,549,93,0
1826,76,121,0
896,549,54,0
2797,126,10,0
44,9730,22,0
3216,26758,129,0
775,17000,96,0
3203,20,129,0
1168,375,110,0
1034,74,79,0
1998,11208,123,0
2771,11208,80,0
1337,493,120,0
2806,126,10,0
1417,549,142,0
2040,493,123,0
107,20,104,0
2231,1074,35,0
3202,20,129,0
3011,1074,44,0
1797,1384,111,0
1165,375,110,0
3177,2031,129,0
1397,493,106,0
1522,230,64,0
621,9730,125,0
366,1070,116,0
2210,375,92,0
404,18,107,0
1385,493,106,0
3418,9630,94,0
148,498,104,0
273,26758,97,0
15,2031,102,0
2245,76,35,0
379,17000,107,0
2277,9730,84,0
1786,11208,111,0
537,498,127,0
1709,375,47,0
3282,9730,130,0
3262,11208,129,0
2628,26758,12,0
1830,76,121,0
2254,9630,35,0
668,5503,125,0
1351,6036,120,0
3357,7334,135,0
2443,493,36,0
2891,126,45,0
2265,9630,35,0
248,126,9,0
3102,9630,78,0
3137,18,129,0
3065,1074,138,0
1170,375,110,0
3350,230,135,0
3281,9730,130,0
1961,11208,85,0
27,26758,102,0
3315,2031,130,0
271,76,109,0
251,1384,109,0
903,549,54,0
3377,6036,135,0
1864,126,83,0
2200,493,13,0
1595,498,150,0
2878,74,147,0
810,26758,40,0
1172,375,110,0
1107,2031,148,0
1842,549,82,0
1434,9730,27,0
2320,26758,136,0
976,5503,143,0
1103,2031,148,0
241,26758,9,0
2144,5503,88,0
2382,74,38,0
323,126,97,0
2416,1070,38,0
1181,493,110,0
2818,5503,10,0
930,1068,112,0
51,9730,22,0
2141,5503,88,0
3452,74,100,0
2415,1070,38,0
2074,11208,118,0
854,20,40,0
1807,1074,121,0
2547,76,134,0
296,230,97,0
3159,1074,129,0
2150,5503,88,0
601,18,125,0
1390,493,106,0
1918,1074,28,0
2536,549,134,0
2576,731,131,0
2956,1070,144,0
3258,76,129,0
850,20,40,0
2485,375,36,0
1770,1070,111,0
740,498,89,0
1030,74,79,0
1865,126,83,0
2702,498,139,0
1100,2031,148,0
942,11208,112,0
2510,5503,134,0
1578,6036,150,0
3184,2031,129,0
3406,239,132,0
1179,493,110,0
2308,126,136,0
1311,5503,126,0
3015,126,44,0
2495,2031,134,0
2400,1070,38,0
230,26758,9,0
2728,375,80,0
2737,74,80,0
909,549,54,0
3303,239,130,0
936,11208,112,0
34,1384,22,0
1198,17000,81,0
1885,731,83,0
848,20,40,0
1976,230,85,0
2902,7334,45,0
2545,76,134,0
3481,1068,102,0
243,126,9,0
1495,493,133,0
2575,731,131,0
2460,18,36,0
1876,731,83,0
2118,239,118,0
1215,239,11,0
485,5503,146,0
690,9730,77,0
2391,74,38,0
3333,26758,130,0
923,239,54,0
1003,1074,143,0
329,20,108,0
1661,11208,47,0
138,126,104,0
3244,239,129,0
2768,11208,80,0
754,5503,96,0
397,74,107,0
2691,498,139,0
1293,126,117,0
1967,731,85,0
2972,7334,46,0
3028,18,44,0
3166,731,129,0
492,375,146,0
3402,239,132,0
889,20,54,0
10,74,102,0
3063,498,138,0
2755,76,80,0
1662,11208,47,0
432,731,107,0
2475,375,36,0
559,18,99,0
3053,230,98,0
1548,1070,64,0
147,498,104,0
3173,7334,129,0
504,1070,146,0
3129,26758,140,0
1431,493,27,0
3109,498,78,0
3072,9730,138,0
289,230,97,0
2350,9730,19,0
318,126,97,0
627,9730,125,0
1306,5503,126,0
880,230,40,0
1167,375,110,0
2602,1074,86,0
3446,26758,76,0
2520,11208,134,0
803,2031,137,0
1288,126,117,0
2652,74,12,0
1039,74,79,0
3081,126,113,0
1601,76,150,0
2592,18,86,0
3151,375,129,0
1210,17000,81,0
3259,11208,129,0
3444,26758,76,0
2085,11208,118,0
2540,731,134,0
1988,11208,123,0
1570,1068,64,0
571,2031,99,0
1291,126,117,0
2169,11208,149,0
525,26758,127,0
378,17000,107,0
2224,18,35,0
3207,1068,129,0
1560,1068,64,0
406,18,107,0
1461,9730,133,0
691,9730,77,0
2262,9630,35,0
1843,549,82,0
858,498,40,0
2146,5503,88,0
3252,239,129,0
8,74,102,0
3390,2031,95,0
1399,493,106,0
2822,5503,10,0
2033,2031,123,0
468,76,146,0
3272,126,130,0
210,1070,122,0
2582,1068,131,0
1745,7334,128,0
1073,1070,148,0
776,17000,96,0
856,20,40,0
3117,20,78,0
2678,74,139,0
2164,6036,88,0
828,1070,40,0
3064,1074,138,0
3146,375,129,0
2129,126,88,0
1476,2031,133,0
1634,239,141,0
750,5503,96,0
2847,5503,30,0
1257,9730,74,0
2605,1074,86,0
150,498,104,0
2425,20,36,0
1908,493,28,0
470,76,146,0
371,1070,116,0
1387,493,106,0
2800,126,10,0
2662,20,139,0
2070,1068,123,0
55,2031,22,0
3113,498,78,0
926,239,54,0
582,1384,99,0
1199,17000,81,0
1191,549,110,0
2307,230,136,0
2483,375,36,0
888,20,54,0
3016,126,44,0
1000,1074,143,0
3122,20,78,0
792,239,96,0
2031,2031,123,0
1265,731,74,0
303,375,97,0
2343,9730,19,0
3393,2031,95,0
672,126,77,0
2271,9730,84,0
1565,1068,64,0
2068,1068,123,0
1860,126,83,0
2227,18,35,0
501,375,146,0
630,26758,125,0
2579,1068,131,0
1553,1070,64,0
1273,731,74,0
2264,9630,35,0
837,1070,40,0
1977,230,85,0
1057,1074,105,0
2237,1074,35,0
1242,17000,74,0
1695,7334,47,0
787,239,96,0
312,375,97,0
1359,6036,120,0
3010,1074,44,0
619,9730,125,0
1817,230,121,0
1545,1070,64,0
847,20,40,0
2667,20,139,0
1145,6036,23,0
1043,74,79,0
2941,7334,144,0
697,9630,77,0
1882,731,83,0
2238,1074,35,0
1718,11208,128,0
104,5503,145,0
700,9630,77,0
2296,11208,136,0
1212,239,11,0
2041,493,123,0
1096,239,148,0
2612,1384,86,0
548,17000,99,0
1252,9730,74,0
458,76,146,0
2918,20,69,0
2090,1074,118,0
1263,731,74,0
205,1070,122,0
2321,26758,136,0
1910,493,28,0
2366,18,91,0
1289,126,117,0
2304,230,136,0
1527,11208,64,0
17,2031,102,0
1839,549,82,0
21,2031,102,0
3194,5503,129,0
1024,239,79,0
853,20,40,0
2340,1384,19,0
1299,126,117,0
2907,1068,45,0
16,2031,102,0
3249,239,129,0
2574,731,131,0
2783,11208,80,0
2289,9730,84,0
2491,7334,134,0
2490,9630,36,0
3188,5503,129,0
1083,1070,148,0
1260,9730,74,0
3092,126,113,0
1329,1074,126,0
1349,6036,120,0
3080,126,113,0
400,74,107,0
1573,1068,64,0
1853,9730,83,0
2532,549,134,0
1660,11208,47,0
2272,9730,84,0
1886,731,83,0
1074,1070,148,0
982,5503,143,0
2851,5503,30,0
1561,1068,64,0
2901,7334,45,0
585,1384,99,0
1361,6036,120,0
1771,1070,111,0
2250,76,35,0
1362,6036,120,0
2530,230,134,0
2052,493,123,0
3221,230,129,0
1569,1068,64,0
57,2031,22,0
1281,731,74,0
26,26758,102,0
652,74,125,0
2637,26758,12,0
1224,11208,11,0
669,5503,125,0
509,1070,146,0
2555,76,134,0
2694,498,139,0
3336,26758,130,0
2063,1068,123,0
2537,731,134,0
1114,375,23,0
2825,5503,10,0
1227,11208,11,0
1540,1070,64,0
220,6036,9,0
3480,1068,102,0
420,1070,107,0
2526,230,134,0
3106,498,78,0
11,74,102,0
890,20,54,0
2002,11208,123,0
2406,1070,38,0
126,20,104,0
3379,6036,135,0
116,20,104,0
561,18,99,0
3095,2031,78,0
3253,239,129,0
2035,2031,123,0
3395,2031,95,0
879,230,40,0
1391,493,106,0
974,5503,143,0
1773,6036,111,0
716,126,89,0
762,17000,96,0
2126,239,118,0
84,239,145,0
2940,7334,144,0
2279,9730,84,0
732,498,89,0
295,230,97,0
2114,239,118,0
1539,11208,64,0
1069,1074,41,0
1831,76,121,0
1592,498,150,0
1555,1070,64,0
1177,493,110,0
1581,6036,150,0
3301,239,130,0
3421,239,94,0
2720,20,80,0
764,17000,96,0
512,1070,146,0
3062,498,138,0
3408,2031,132,0
2359,18,91,0
2314,126,136,0
343,239,108,0
19,2031,102,0
1302,5503,126,0
5,74,102,0
1861,126,83,0
2930,549,144,0
3298,239,130,0
2470,1070,36,0
1368,731,120,0
307,375,97,0
3189,5503,129,0
1230,11208,11,0
2884,74,147,0
597,18,125,0
3352,230,135,0
431,1068,107,0
575,76,99,0
422,1070,107,0
1040,74,79,0
3057,230,98,0
761,230,96,0
594,18,125,0
1971,731,85,0
1010,18,143,0
40,9730,22,0
3438,26758,76,0
1470,9730,133,0
735,498,89,0
2287,9730,84,0
28,26758,102,0
1127,6036,23,0
3046,1384,98,0
726,498,89,0
804,2031,137,0
1469,9730,133,0
1584,6036,150,0
1879,731,83,0
2991,6036,46,0
3227,9730,129,0
2381,74,38,0
3346,230,135,0
1491,493,133,0
591,18,125,0
2339,1384,19,0
2567,74,131,0
1858,9730,83,0
1402,1384,106,0
1996,11208,123,0
304,375,97,0
3398,239,132,0
2522,11208,134,0
212,1070,122,0
539,17000,99,0
1109,375,148,0
1604,76,150,0
3312,2031,130,0
2001,11208,123,0
199,11208,122,0
88,239,145,0
3382,1068,135,0
331,20,108,0
1776,11208,111,0
1081,1070,148,0
2464,1070,36,0
1080,1070,148,0
2089,1074,118,0
158,11208,115,0
311,375,97,0
1250,17000,74,0
2384,74,38,0
1456,9730,133,0
2429,20,36,0
2866,549,30,0
191,11208,122,0
530,26758,127,0
1903,20,28,0
396,74,107,0
1869,126,83,0
2660,20,139,0
2655,74,12,0
2617,1384,86,0
860,498,40,0
3058,549,98,0
1064,1074,41,0
1241,17000,74,0
3130,26758,140,0
1785,11208,111,0
635,2031,125,0
796,239,96,0
1833,76,121,0
1158,375,110,0
1953,11208,85,0
469,76,146,0
1236,11208,11,0
2911,20,69,0
1995,11208,123,0
121,20,104,0
3456,74,100,0
1406,1384,106,0
1159,375,110,0
3155,1074,129,0
1331,1074,126,0
411,18,107,0
3112,498,78,0
812,26758,40,0
670,5503,125,0
855,20,40,0
1157,9730,110,0
866,549,40,0
2315,126,136,0
1381,375,106,0
1484,493,133,0
2022,2031,123,0
2984,498,46,0
1538,11208,64,0
1348,6036,120,0
2811,126,10,0
2131,126,88,0
1148,230,110,0
1207,17000,81,0
365,1070,116,0
2317,126,136,0
377,17000,107,0
1687,230,47,0
274,26758,97,0
2284,9730,84,0
2015,498,123,0
382,74,107,0
616,1070,125,0
1872,126,83,0
3145,375,129,0
1446,9730,27,0
2014,498,123,0
1532,11208,64,0
1378,375,106,0
1262,9730,74,0
806,26758,40,0
433,731,107,0
3426,74,94,0
543,17000,99,0
2255,9630,35,0
2109,239,118,0
3256,239,129,0
1766,1070,111,0
2398,239,38,0
3441,26758,76,0
1682,230,47,0
2203,375,92,0
1516,731,124,0
1925,7334,28,0
1433,493,27,0
836,1070,40,0
859,498,40,0
2994,6036,46,0
2294,11208,136,0
3241,239,129,0
1426,549,142,0
2361,18,91,0
2708,9630,80,0
413,18,107,0
131,126,104,0
1407,1074,142,0
297,375,97,0
3162,1074,129,0
2986,498,46,0
1473,9730,133,0
602,18,125,0
2435,20,36,0
2724,375,80,0
941,11208,112,0
605,18,125,0
3060,549,98,0
2821,5503,10,0
3437,26758,76,0
3236,498,129,0
3285,9730,130,0
2713,9630,80,0
489,375,146,0
1481,230,133,0
2082,11208,118,0
2341,498,19,0
1239,11208,11,0
907,549,54,0
2639,26758,12,0
1017,18,143,0
3463,74,100,0
816,9730,40,0
3306,239,130,0
2915,20,69,0
3029,18,44,0
802,2031,137,0
2170,11208,149,0
2423,20,36,0
924,239,54,0
2796,126,10,0
2180,11208,149,0
952,17000,93,0
2752,76,80,0
320,126,97,0
916,239,54,0
1129,6036,23,0
2476,375,36,0
899,549,54,0
1448,9730,27,0
2833,2031,119,0
1354,6036,120,0
2408,1070,38,0
3366,6036,135,0
1465,9730,133,0
2756,76,80,0
285,230,97,0
1736,7334,128,0
2257,9630,35,0
1964,731,85,0
664,5503,125,0
1978,2031,90,0
6,74,102,0
1979,2031,90,0
462,76,146,0
626,9730,125,0
2588,18,86,0
3473,549,100,0
1572,1068,64,0
1670,11208,47,0
3359,7334,135,0
2890,126,45,0
1445,9730,27,0
891,20,54,0
1928,230,28,0
1737,7334,128,0
1439,9730,27,0
2067,1068,123,0
2049,493,123,0
1663,11208,47,0
2650,74,12,0
1529,11208,64,0
3021,18,44,0
2661,20,139,0
99,5503,145,0
211,1070,122,0
639,2031,125,0
842,20,40,0
1596,76,150,0
2735,74,80,0
2432,20,36,0
2487,375,36,0
1804,1068,87,0
123,20,104,0
3073,9730,138,0
721,5503,89,0
2937,7334,144,0
950,9630,112,0
1591,498,150,0
2044,493,123,0
2629,26758,12,0
546,17000,99,0
407,18,107,0
1047,126,79,0
636,2031,125,0
2319,26758,136,0
562,18,99,0
2554,76,134,0
2733,375,80,0
966,26758,93,0
3088,126,113,0
322,126,97,0
2273,9730,84,0
109,20,104,0
2706,498,139,0
1518,17000,64,0
2072,1068,123,0
1360,6036,120,0
235,26758,9,0
852,20,40,0
581,1384,99,0
993,74,143,0
1202,17000,81,0
3314,2031,130,0
975,5503,143,0
3110,498,78,0
2518,11208,134,0
1046,126,79,0
1686,230,47,0
881,230,40,0
2167,6036,88,0
73,2031,22,0
1510,731,124,0
3079,126,113,0
1187,549,110,0
1625,1068,150,0
2892,126,45,0
3455,74,100,0
496,375,146,0
1728,11208,128,0
1282,126,117,0
380,17000,107,0
1792,11208,111,0
2883,74,147,0
1653,11208,47,0
1436,9730,27,0
1011,18,143,0
3196,5503,129,0
1838,549,82,0
2412,1070,38,0
355,731,116,0
2954,1070,144,0
1644,74,141,0
1937,375,85,0
3257,239,129,0
122,20,104,0
2379,74,38,0
2480,375,36,0
1035,74,79,0
2378,731,38,0
2544,731,134,0
953,17000,93,0
452,74,146,0
1556,1070,64,0
1729,11208,128,0
3435,26758,76,0
1374,74,106,0
1400,493,106,0
2977,7334,46,0
3030,1384,44,0
3288,9730,130,0
3027,18,44,0
143,498,104,0
81,239,145,0
1050,126,79,0
495,375,146,0
577,1384,99,0
1987,11208,123,0
237,26758,9,0
2531,230,134,0
1717,11208,128,0
2268,9630,35,0
1993,11208,123,0
2511,5503,134,0
3409,18,94,0
3083,126,113,0
3025,18,44,0
272,26758,97,0
1950,11208,85,0
2763,76,80,0
1078,1070,148,0
2080,11208,118,0
1574,1068,64,0
1099,239,148,0
1690,7334,47,0
387,74,107,0
207,1070,122,0
190,11208,122,0
1854,9730,83,0
678,126,77,0
306,375,97,0
948,498,112,0
3141,375,129,0
865,549,40,0
558,18,99,0
2177,11208,149,0
2710,9630,80,0
2804,126,10,0
3326,2031,130,0
1166,375,110,0
2202,375,92,0
2318,126,136,0
995,74,143,0
1464,9730,133,0
3019,1070,44,0
2686,7334,139,0
1067,1074,41,0
189,9630,122,0
1089,1070,148,0
1042,74,79,0
236,26758,9,0
1036,74,79,0
239,26758,9,0
36,1384,22,0
2899,126,45,0
785,239,96,0
625,9730,125,0
250,126,9,0
41,9730,22,0
3251,239,129,0
2376,9630,38,0
2624,1384,86,0
2508,5503,134,0
1373,731,120,0
42,9730,22,0
2217,18,35,0
921,239,54,0
2732,375,80,0
2370,18,91,0
1902,20,28,0
2903,7334,45,0
1142,6036,23,0
1707,375,47,0
2377,731,38,0
3124,20,78,0
1521,230,64,0
800,2031,137,0
1144,6036,23,0
2399,1070,38,0
2621,1384,86,0
384,74,107,0
2722,375,80,0
202,1070,122,0
3206,1068,129,0
328,20,108,0
2777,11208,80,0
475,5503,146,0
3008,9630,46,0
1735,7334,128,0
3419,9630,94,0
3459,74,100,0
3468,549,100,0
3378,6036,135,0
128,126,104,0
835,1070,40,0
3066,9730,138,0
778,17000,96,0
1318,5503,126,0
3120,20,78,0
2466,1070,36,0
2106,18,118,0
3152,1074,129,0
1624,1068,150,0
1580,6036,150,0
1809,230,121,0
3383,2031,95,0
327,126,97,0
3114,20,78,0
956,17000,93,0
2929,549,144,0
291,230,97,0
395,74,107,0
1720,11208,128,0
3199,5503,129,0
1501,2031,124,0
1549,1070,64,0
2964,7334,46,0
667,5503,125,0
2025,2031,123,0
2155,5503,88,0
2512,5503,134,0
3273,126,130,0
3274,126,130,0
3413,9630,94,0
1274,731,74,0
2772,11208,80,0
622,9730,125,0
2386,74,38,0
1784,11208,111,0
2981,498,46,0
1163,375,110,0
2291,11208,136,0
2689,498,139,0
519,26758,127,0
2158,5503,88,0
1544,1070,64,0
1857,9730,83,0
2005,498,123,0
1929,230,28,0
2965,7334,46,0
725,9630,89,0
1739,7334,128,0
347,9730,116,0
1384,493,106,0
184,9630,122,0
2171,11208,149,0
1899,20,28,0
2076,11208,118,0
1098,239,148,0
1411,9630,142,0
1654,11208,47,0
1673,230,47,0
2620,1384,86,0
1276,731,74,0
3018,126,44,0
1235,11208,11,0
267,76,109,0
2824,5503,10,0
1613,76,150,0
2073,1068,123,0
2834,2031,119,0
1432,493,27,0
2976,7334,46,0
2038,493,123,0
1837,549,82,0
2065,1068,123,0
3172,7334,129,0
1866,126,83,0
245,126,9,0
487,375,146,0
2493,2031,134,0
503,1070,146,0
2505,2031,134,0
713,126,89,0
2873,549,30,0
2610,1384,86,0
3474,549,100,0
300,375,97,0
1536,11208,64,0
544,17000,99,0
2874,549,30,0
3407,2031,132,0
1503,2031,124,0
2753,76,80,0
2664,20,139,0
2122,239,118,0
2525,11208,134,0
1228,11208,11,0
2459,18,36,0
2924,549,144,0
1322,2031,126,0
1169,375,110,0
2176,11208,149,0
1747,7334,128,0
182,9630,122,0
409,18,107,0
2916,20,69,0
2156,5503,88,0
2165,6036,88,0
2957,1070,144,0
2595,18,86,0
906,549,54,0
2889,126,45,0
2842,6036,119,0
727,498,89,0
595,18,125,0
2985,498,46,0
901,549,54,0
2029,2031,123,0
2079,11208,118,0
2820,5503,10,0
1835,549,82,0
2958,1070,144,0
1286,126,117,0
2027,2031,123,0
2598,1074,86,0
1669,11208,47,0
2663,20,139,0
1213,239,11,0
1031,74,79,0
398,74,107,0
1802,1068,87,0
2431,20,36,0
563,18,99,0
2700,498,139,0
238,26758,9,0
65,2031,22,0
1063,731,105,0
1788,11208,111,0
286,230,97,0
2513,5503,134,0
1420,549,142,0
1341,2031,120,0
655,74,125,0
752,5503,96,0
460,76,146,0
935,11208,112,0
2607,1384,86,0
2119,239,118,0
1559,1068,64,0
2919,549,144,0
154,1384,115,0
2599,1074,86,0
2828,5503,10,0
1372,731,120,0
3405,239,132,0
542,17000,99,0
3038,498,98,0
560,18,99,0
1761,1070,111,0
103,5503,145,0
506,1070,146,0
2117,239,118,0
2286,9730,84,0
247,126,9,0
733,498,89,0
877,230,40,0
1552,1070,64,0
399,74,107,0
724,9630,89,0
2917,20,69,0
3047,1384,98,0
1557,1068,64,0
3449,26758,76,0
811,26758,40,0
1719,11208,128,0
1246,17000,74,0
2222,18,35,0
3005,9630,46,0
1550,1070,64,0
3105,498,78,0
1643,74,141,0
106,5503,145,0
2868,549,30,0
455,74,146,0
2858,17000,30,0
1409,9630,142,0
1635,239,141,0
1944,375,85,0
529,26758,127,0
2453,1384,36,0
1568,1068,64,0
2274,9730,84,0
1796,1384,111,0
1277,731,74,0
1694,7334,47,0
324,126,97,0
3107,498,78,0
2441,493,36,0
2418,1070,38,0
2330,493,136,0
175,549,122,0
2625,26758,12,0
914,239,54,0
1178,493,110,0
1985,375,90,0
1640,239,141,0
3198,5503,129,0
52,9730,22,0
965,26758,93,0
1425,549,142,0
2472,375,36,0
2016,498,123,0
2714,20,80,0
3265,126,130,0
1975,230,85,0
1965,731,85,0
2468,1070,36,0
369,1070,116,0
3176,7334,129,0
301,375,97,0
1146,230,110,0
298,375,97,0
1343,26758,120,0
1642,239,141,0
3084,126,113,0
768,17000,96,0
1656,11208,47,0
555,18,99,0
2020,2031,123,0
3386,2031,95,0
2715,20,80,0
1149,9630,110,0
1752,239,114,0
1339,493,120,0
1087,1070,148,0
1237,11208,11,0
1827,76,121,0
841,20,40,0
161,11208,115,0
1023,26758,79,0
437,9730,101,0
2923,549,144,0
256,1384,109,0
439,9730,101,0
3370,6036,135,0
875,230,40,0
1502,2031,124,0
1587,6036,150,0
1132,6036,23,0
3086,126,113,0
1888,20,28,0
878,230,40,0
551,18,99,0
1513,731,124,0
954,17000,93,0
2327,493,136,0
1104,2031,148,0
3403,239,132,0
1008,18,143,0
2081,11208,118,0
3319,2031,130,0
2656,74,12,0
1122,375,23,0
2830,2031,119,0
717,20,89,0
1821,230,121,0
861,498,40,0
3131,26758,140,0
3397,239,132,0
335,20,108,0
1705,375,47,0
195,11208,122,0
2578,731,131,0
822,9730,40,0
358,731,116,0
1594,498,150,0
2444,1384,36,0
2336,1384,19,0
3450,26758,76,0
1620,1068,150,0
1352,6036,120,0
2278,9730,84,0
261,1384,109,0
2448,1384,36,0
1355,6036,120,0
2434,20,36,0
494,375,146,0
1867,126,83,0
2882,74,147,0
3324,2031,130,0
2489,375,36,0
24,2031,102,0
644,126,125,0
719,5503,89,0
2256,9630,35,0
1233,11208,11,0
391,74,107,0
526,26758,127,0
2947,1070,144,0
1780,11208,111,0
791,239,96,0
45,9730,22,0
2944,1070,144,0
910,549,54,0
3232,549,129,0
2201,493,13,0
1238,11208,11,0
288,230,97,0
2835,2031,119,0
2183,126,149,0
2094,498,118,0
2428,20,36,0
603,18,125,0
193,11208,122,0
851,20,40,0
332,20,108,0
2186,126,32,0
1840,549,82,0
3385,2031,95,0
1048,126,79,0
132,126,104,0
679,126,77,0
1909,493,28,0
1824,230,121,0
1268,731,74,0
2543,731,134,0
1874,731,83,0
2301,11208,136,0
1999,11208,123,0
1733,9730,128,0
56,2031,22,0
2345,9730,19,0
1315,5503,126,0
2424,20,36,0
2626,26758,12,0
2503,2031,134,0
2173,11208,149,0
2561,375,131,0
2897,126,45,0
82,239,145,0
2613,1384,86,0
1931,375,85,0
2601,1074,86,0
3192,5503,129,0
2138,126,88,0
450,74,146,0
1108,2031,148,0
682,126,77,0
290,230,97,0
746,5503,96,0
1472,9730,133,0
3167,7334,129,0
1504,731,124,0
1755,239,114,0
1216,239,11,0
3001,9630,46,0
2383,74,38,0
3043,498,98,0
3093,2031,78,0
2921,549,144,0
3353,230,135,0
1806,1074,121,0
479,5503,146,0
163,11208,115,0
456,74,146,0
2659,20,139,0
1304,5503,126,0
2863,17000,30,0
2644,26758,12,0
2188,126,32,0
550,18,99,0
1855,9730,83,0
2993,6036,46,0
1124,375,23,0
3461,74,100,0
3215,1068,129,0
737,498,89,0
2673,74,139,0
2030,2031,123,0
2604,1074,86,0
1211,17000,81,0
1485,493,133,0
203,1070,122,0
1758,239,114,0
2600,1074,86,0
580,1384,99,0
3170,7334,129,0
1657,11208,47,0
3414,9630,94,0
1225,11208,11,0
2372,18,91,0
1156,9730,110,0
2057,76,123,0
689,493,77,0
3054,230,98,0
1301,5503,126,0
3322,2031,130,0
1738,7334,128,0
2329,493,136,0
2928,549,144,0
2310,126,136,0
3123,20,78,0
2767,76,80,0
1305,5503,126,0
490,375,146,0
1428,549,142,0
1668,11208,47,0
917,239,54,0
2813,126,10,0
2263,9630,35,0
933,11208,112,0
2946,1070,144,0
702,1070,89,0
1279,731,74,0
471,76,146,0
1319,5503,126,0
2586,18,86,0
1278,731,74,0
2281,9730,84,0
309,375,97,0
2140,5503,88,0
2243,1074,35,0
3439,26758,76,0
618,9730,125,0
681,126,77,0
194,11208,122,0
531,26758,127,0
2790,74,10,0
2413,1070,38,0
3190,5503,129,0
1890,20,28,0
1936,375,85,0
77,239,145,0
3299,239,130,0
111,20,104,0
2458,18,36,0
1505,731,124,0
2166,6036,88,0
1120,375,23,0
2745,26758,80,0
3153,1074,129,0
2101,498,118,0
423,1070,107,0
2792,74,10,0
1424,549,142,0
421,1070,107,0
244,126,9,0
1154,9630,110,0
2657,74,12,0
442,9730,101,0
348,9730,116,0
2465,1070,36,0
1014,18,143,0
3049,1384,98,0
79,239,145,0
749,5503,96,0
2524,11208,134,0
569,5503,99,0
2184,126,32,0
2594,18,86,0
2462,1070,36,0
22,2031,102,0
2869,549,30,0
3140,375,129,0
2058,1068,123,0
2124,239,118,0
2087,11208,118,0
1356,6036,120,0
3082,126,113,0
2097,498,118,0
3055,230,98,0
181,9630,122,0
1934,375,85,0
2877,74,147,0
1208,17000,81,0
2454,18,36,0
1012,18,143,0
314,375,97,0
221,6036,9,0
2553,76,134,0
1526,230,64,0
979,5503,143,0
2347,9730,19,0
341,20,108,0
1220,239,11,0
2886,126,45,0
611,1070,125,0
3263,11208,129,0
2788,74,10,0
23,2031,102,0
694,9730,77,0
2552,76,134,0
2681,7334,139,0
92,5503,145,0
1731,9730,128,0
1627,1068,150,0
1870,126,83,0
2305,230,136,0
760,230,96,0
1675,230,47,0
3247,239,129,0
13,2031,102,0
209,1070,122,0
2123,239,118,0
265,76,109,0
2437,493,36,0
2392,74,38,0
1571,1068,64,0
258,1384,109,0
135,126,104,0
1460,9730,133,0
1214,239,11,0
3217,26758,129,0
574,76,99,0
1941,375,85,0
3354,230,135,0
91,5503,145,0
114,20,104,0
708,1070,89,0
720,5503,89,0
3096,2031,78,0
2643,26758,12,0
364,1070,116,0
35,1384,22,0
1328,1074,126,0
204,1070,122,0
2393,74,38,0
3213,1068,129,0
931,11208,112,0
1530,11208,64,0
3356,7334,135,0
280,26758,97,0
1617,1068,150,0
96,5503,145,0
165,126,115,0
1201,17000,81,0
2385,74,38,0
758,5503,96,0
1192,239,81,0
1794,1384,111,0
2159,5503,88,0
2871,549,30,0
3098,126,78,0
2174,11208,149,0
3276,126,130,0
827,1070,40,0
1850,9730,83,0
586,1384,99,0
994,74,143,0
2312,126,136,0
3287,9730,130,0
1310,5503,126,0
2839,20,119,0
262,76,109,0
2831,2031,119,0
2088,1074,118,0
474,76,146,0
2808,126,10,0
1583,6036,150,0
1681,230,47,0
2979,498,46,0
2235,1074,35,0
3051,230,98,0
818,9730,40,0
2430,20,36,0
477,5503,146,0
2369,18,91,0
2187,126,32,0
2925,549,144,0
1176,493,110,0
2179,11208,149,0
3250,239,129,0
2303,11208,136,0
282,26758,97,0
1336,493,120,0
699,9630,77,0
2032,2031,123,0
788,239,96,0
2259,9630,35,0
2353,2031,91,0
1790,11208,111,0
1489,493,133,0
1535,11208,64,0
955,17000,93,0
1551,1070,64,0
3185,2031,129,0
648,74,125,0
3363,6036,135,0
2896,126,45,0
3334,26758,130,0
1383,493,106,0
2934,549,144,0
1724,11208,128,0
1130,6036,23,0
368,1070,116,0
2587,18,86,0
549,18,99,0
1609,76,150,0
2775,11208,80,0
1658,11208,47,0
1935,375,85,0
566,18,99,0
722,5503,89,0
12,74,102,0
2787,1384,80,0
640,2031,125,0
3260,11208,129,0
2110,239,118,0
2042,493,123,0
677,126,77,0
3121,20,78,0
1920,1074,28,0
171,549,122,0
513,1070,146,0
216,1070,122,0
1264,731,74,0
905,549,54,0
596,18,125,0
461,76,146,0
2153,5503,88,0
2764,76,80,0
1672,230,47,0
876,230,40,0
1174,375,110,0
2226,18,35,0
1284,126,117,0
3442,26758,76,0
2754,76,80,0
2857,17000,30,0
2674,74,139,0
2593,18,86,0
1375,74,106,0
2558,76,134,0
2666,20,139,0
990,74,143,0
2649,74,12,0
3181,2031,129,0
970,26758,143,0
2589,18,86,0
2773,11208,80,0
2280,9730,84,0
709,1070,89,0
873,230,40,0
2695,498,139,0
376,76,116,0
3006,9630,46,0
2799,126,10,0
2683,7334,139,0
3208,1068,129,0
3220,26758,129,0
2852,5503,30,0
299,375,97,0
587,1384,99,0
1061,731,105,0
1243,17000,74,0
2734,375,80,0
653,74,125,0
2175,11208,149,0
1021,18,143,0
1467,9730,133,0
1942,375,85,0
2765,76,80,0
1229,11208,11,0
2861,17000,30,0
751,5503,96,0
607,18,125,0
794,239,96,0
2668,20,139,0
2843,6036,119,0
218,1070,122,0
945,76,112,0
1582,6036,150,0
846,20,40,0
2603,1074,86,0
3020,1070,44,0
3212,1068,129,0
3157,1074,129,0
913,239,54,0
2098,498,118,0
3396,2031,95,0
1494,493,133,0
1143,6036,23,0
2786,1384,80,0
2247,76,35,0
505,1070,146,0
3075,126,113,0
2143,5503,88,0
1520,230,64,0
270,76,109,0
2500,2031,134,0
3097,126,78,0
142,498,104,0
3042,498,98,0
1161,375,110,0
554,18,99,0
1789,11208,111,0
3331,26758,130,0
1453,1070,133,0
2230,1074,35,0
3142,375,129,0
2205,375,92,0
2648,74,12,0
1628,1068,150,0
1075,1070,148,0
2216,18,35,0
843,20,40,0
2571,731,131,0
2116,239,118,0
3052,230,98,0
2402,1070,38,0
3295,239,130,0
773,17000,96,0
2316,126,136,0
2864,17000,30,0
3023,18,44,0
1102,2031,148,0
2951,1070,144,0
2945,1070,144,0
2895,126,45,0
2220,18,35,0
3,74,102,0
486,5503,146,0
360,20,116,0
85,239,145,0
971,26758,143,0
801,2031,137,0
2221,18,35,0
3149,375,129,0
2421,20,36,0
1667,11208,47,0
1958,11208,85,0
53,9730,22,0
134,126,104,0
177,9630,122,0
2801,126,10,0
1907,493,28,0
3233,549,129,0
978,5503,143,0
374,76,116,0
1085,1070,148,0
1475,9730,133,0
2039,493,123,0
1791,11208,111,0
3204,1068,129,0
1499,7334,124,0
3427,74,94,0
361,20,116,0
130,126,104,0
3037,498,98,0
2860,17000,30,0
1930,375,85,0
200,11208,122,0
429,1068,107,0
1706,375,47,0
845,20,40,0
1871,126,83,0
426,1070,107,0
1597,76,150,0
1636,239,141,0
1665,11208,47,0
1611,76,150,0
1525,230,64,0
981,5503,143,0
1810,230,121,0
1787,11208,111,0
2108,239,118,0
2326,493,136,0
2218,18,35,0
643,126,125,0
2845,5503,30,0
520,26758,127,0
882,230,40,0
1847,549,82,0
3305,239,130,0
2375,9630,38,0
863,549,40,0
1932,375,85,0
2809,126,10,0
136,126,104,0
2829,5503,10,0
2083,11208,118,0
2776,11208,80,0
769,17000,96,0
1365,731,120,0
656,74,125,0
1756,239,114,0
3294,239,130,0
1231,11208,11,0
1515,731,124,0
1097,239,148,0
71,2031,22,0
2071,1068,123,0
188,9630,122,0
608,1070,125,0
3071,9730,138,0
3226,9730,129,0
2939,7334,144,0
3245,239,129,0
1919,1074,28,0
1742,7334,128,0
928,239,54,0
1848,9730,83,0
874,230,40,0
2738,74,80,0
1722,11208,128,0
522,26758,127,0
1028,74,79,0
2880,74,147,0
2636,26758,12,0
2449,1384,36,0
3476,9630,100,0
2647,74,12,0
1297,126,117,0
2242,1074,35,0
1152,9630,110,0
1805,493,121,0
392,74,107,0
2010,498,123,0
213,1070,122,0
2760,76,80,0
1844,549,82,0
1206,17000,81,0
2758,76,80,0
1164,375,110,0
1333,1074,126,0
2795,126,10,0
1633,1068,150,0
2477,375,36,0
1710,375,47,0
283,17000,97,0
139,126,104,0
2894,126,45,0
2407,1070,38,0
3061,498,138,0
2290,11208,136,0
1957,11208,85,0
534,26758,127,0
2879,74,147,0
3089,126,113,0
902,549,54,0
3367,6036,135,0
1639,239,141,0
1579,6036,150,0
1066,1074,41,0
654,74,125,0
1607,76,150,0
2982,498,46,0
1403,1384,106,0
229,26758,9,0
2419,1384,38,0
321,126,97,0
557,18,99,0
1655,11208,47,0
149,498,104,0
1443,9730,27,0
1599,76,150,0
2696,498,139,0
1801,1068,87,0
2288,9730,84,0
736,498,89,0
2233,1074,35,0
1056,498,105,0
72,2031,22,0
1418,549,142,0
9,74,102,0
783,239,96,0
228,26758,9,0
393,74,107,0
1641,239,141,0
2838,549,119,0
1608,76,150,0
43,9730,22,0
2812,126,10,0
3387,2031,95,0
1828,76,121,0
206,1070,122,0
3355,230,135,0
1321,2031,126,0
1077,1070,148,0
255,1384,109,0
2690,498,139,0
915,239,54,0
2446,1384,36,0
2680,7334,139,0
2389,74,38,0
2774,11208,80,0
381,17000,107,0
3428,9630,76,0
2152,5503,88,0
695,9630,77,0
2191,126,32,0
1251,17000,74,0
1118,375,23,0
2060,1068,123,0
583,1384,99,0
2933,549,144,0
659,74,125,0
991,74,143,0
1394,493,106,0
1703,375,47,0
1106,2031,148,0
2168,11208,149,0
2043,493,123,0
3228,9730,129,0
1939,375,85,0
2568,731,131,0
117,20,104,0
1316,5503,126,0
1646,74,141,0
2244,1074,35,0
911,239,54,0
1437,9730,27,0
2457,18,36,0
1444,9730,27,0
257,1384,109,0
1778,11208,111,0
1223,11208,11,0
435,9730,101,0
2390,74,38,0
3186,2031,129,0
2275,9730,84,0
1323,1074,126,0
620,9730,125,0
3111,498,78,0
2557,76,134,0
833,1070,40,0
1363,731,120,0
772,17000,96,0
2665,20,139,0
2148,5503,88,0
1483,230,133,0
1194,239,81,0
1188,549,110,0
1219,239,11,0
3178,2031,129,0
1488,493,133,0
140,126,104,0
2987,498,46,0
598,18,125,0
1943,375,85,0
2960,7334,46,0
3451,74,100,0
1019,18,143,0
3290,9730,130,0
2762,76,80,0
68,2031,22,0
1856,9730,83,0
2283,9730,84,0
1940,375,85,0
100,5503,145,0
584,1384,99,0
2297,11208,136,0
2969,7334,46,0
3085,126,113,0
1891,20,28,0
871,230,40,0
705,1070,89,0
2298,11208,136,0
2215,18,35,0
1016,18,143,0
2048,493,123,0
535,26758,127,0
447,74,146,0
1630,1068,150,0
2953,1070,144,0
1945,375,85,0
1862,126,83,0
536,498,127,0
1471,9730,133,0
1218,239,11,0
110,20,104,0
3059,549,98,0
663,5503,125,0
823,1070,40,0
2105,18,118,0
1593,498,150,0
940,11208,112,0
2932,549,144,0
1711,11208,128,0
1567,1068,64,0
1221,11208,11,0
2115,239,118,0
3032,498,98,0
1959,11208,85,0
1123,375,23,0
2208,375,92,0
1678,230,47,0
1947,11208,85,0
3313,2031,130,0
2133,126,88,0
665,5503,125,0
1275,731,74,0
284,230,97,0
3478,9630,100,0
187,9630,122,0
3187,5503,129,0
83,239,145,0
118,20,104,0
1138,6036,23,0
2019,2031,123,0
2731,375,80,0
1898,20,28,0
233,26758,9,0
50,9730,22,0
2841,6036,119,0
2134,126,88,0
1989,11208,123,0
2927,549,144,0
2782,11208,80,0
793,239,96,0
832,1070,40,0
3384,2031,95,0
3100,126,78,0
1009,18,143,0
1209,17000,81,0
2542,731,134,0
2132,126,88,0
1126,6036,23,0
2685,7334,139,0
1916,1074,28,0
714,126,89,0
826,1070,40,0
3165,731,129,0
1353,6036,120,0
253,1384,109,0
1897,20,28,0
658,74,125,0
2634,26758,12,0
2004,11208,123,0
1938,375,85,0
66,2031,22,0
1486,493,133,0
2323,493,136,0
18,2031,102,0
2469,1070,36,0
3417,9630,94,0
480,5503,146,0
2968,7334,46,0
215,1070,122,0
1834,549,82,0
2269,9630,35,0
1884,731,83,0
3050,1384,98,0
223,6036,9,0
3013,126,44,0
482,5503,146,0
2130,126,88,0
1531,11208,64,0
30,7334,102,0
481,5503,146,0
1342,26758,120,0
1691,7334,47,0
1119,375,23,0
176,549,122,0
1889,20,28,0
2633,26758,12,0
446,74,146,0
1086,1070,148,0
454,74,146,0
102,5503,145,0
2528,230,134,0
645,126,125,0
2357,18,91,0
2128,126,88,0
547,17000,99,0
1650,11208,141,0
799,2031,137,0
3475,549,100,0
