id_usuario,id_videojuego,cantidad,fecha v
9,15,0.75,2021-05-13
9,16,1.5,2020-06-10
9,37,4.25,2021-02-04
9,43,52.0,2021-06-28
9,71,1.75,2021-01-20
9,73,0.75,2020-11-05
9,124,4.0,2021-11-03
9,126,308.0,2021-05-15
9,128,3.75,2020-10-04
9,132,24.0,2021-01-23
9,247,3.25,2021-09-27
9,327,4.0,2020-03-18
9,343,2.25,2021-05-16
9,358,0.25,2021-07-02
9,427,4.25,2021-08-07
9,472,24.0,2020-05-27
9,501,60.0,2021-01-16
9,533,48.0,2020-04-15
9,537,1.75,2021-07-05
9,538,5.0,2021-02-10
9,545,0.75,2021-01-04
9,622,52.0,2020-03-18
9,673,16.0,2021-10-30
9,730,48.0,2021-04-14
9,1011,5.0,2021-01-16
9,1262,0.75,2021-12-22
9,1266,100.0,2020-05-18
9,1331,4.75,2021-09-15
9,1871,1.25,2021-05-07
9,1887,48.0,2020-05-05
9,1942,0.0,2020-07-04
9,1970,3.75,2021-07-10
9,6036,73.0,2020-06-12
9,7346,0.5,2021-09-07
9,7351,52.0,2020-12-11
9,11133,52.0,2020-05-20
9,14593,2.5,2020-09-22
9,26758,224.0,2020-09-12
10,40,2.5,2021-01-20
10,73,4.0,2020-02-28
10,74,600.0,2020-09-20
10,75,10.0,2022-01-06
10,109,10.0,2021-09-30
10,126,15.0,2020-05-19
10,247,0.0,2020-09-09
10,379,80.25,2020-07-04
10,431,1.5,2020-12-15
10,434,60.0,2020-02-03
10,472,2.5,2020-04-01
10,500,3.0,2021-05-25
10,512,4.75,2021-06-18
10,537,75.0,2021-02-12
10,538,90.0,2020-06-04
10,1011,90.0,2020-08-13
10,1020,60.0,2021-10-14
10,1266,0.0,2021-03-30
10,1352,3.25,2020-04-28
10,1372,4.75,2020-10-10
10,1802,2.75,2021-01-28
10,1970,16.0,2021-01-06
10,2993,0.5,2021-09-15
10,5503,1.5,2020-10-26
10,8173,2.75,2020-10-12
10,11156,75.0,2020-08-12
10,12517,48.0,2021-03-30
10,19560,5.0,2020-06-24
11,15,0.0,2020-05-24
11,16,0.0,2021-02-07
11,21,52.0,2020-12-30
11,40,4.75,2021-04-21
11,59,0.25,2020-10-27
11,71,2.25,2020-10-12
11,72,1.5,2021-06-06
11,73,1.25,2021-08-31
11,75,3.5,2020-09-14
11,109,48.0,2020-12-16
11,113,3.5,2021-12-18
11,128,80.25,2020-06-14
11,239,44.0,2021-04-03
11,327,0.25,2020-04-16
11,427,2.75,2021-11-23
11,478,24.0,2020-07-18
11,529,90.0,2021-06-07
11,533,1.0,2021-05-19
11,545,1.25,2021-01-04
11,622,1.5,2020-02-24
11,623,1.0,2022-01-09
11,673,0.0,2020-06-16
11,730,4.5,2021-04-29
11,960,1.5,2021-07-20
11,1011,0.0,2021-08-16
11,1020,52.0,2020-02-10
11,1121,90.0,2021-11-19
11,1266,0.0,2021-02-02
11,1802,5.0,2020-05-29
11,1871,3.5,2020-02-23
11,1942,1.0,2021-04-04
11,1970,24.0,2021-06-27
11,1985,75.0,2021-01-01
11,2155,1.25,2020-10-08
11,2993,16.0,2020-07-05
11,6801,3.5,2021-12-23
11,7323,52.0,2022-01-08
11,7331,0.25,2021-04-08
11,7599,2.5,2020-06-04
11,8173,2.5,2021-12-18
11,11133,1.5,2021-04-05
11,11198,0.0,2020-09-24
11,11208,121.0,2020-05-17
11,12517,3.75,2020-02-04
11,19560,0.5,2021-09-13
12,74,431.0,2020-05-18
12,75,3.0,2021-06-06
12,116,0.25,2020-10-22
12,231,32.0,2020-05-15
12,247,80.25,2020-02-27
12,358,2.5,2020-11-20
12,379,2.0,2020-10-23
12,427,52.0,2020-09-23
12,434,2.0,2021-06-21
12,472,100.0,2020-09-09
12,673,90.0,2021-06-05
12,974,1.25,2021-07-22
12,979,1.75,2021-12-06
12,1026,2.5,2021-06-21
12,1262,5.0,2020-09-18
12,1331,1.0,2020-07-07
12,1352,3.75,2021-11-16
12,1802,2.75,2021-03-01
12,1871,3.0,2020-11-22
12,1887,1.5,2020-07-13
12,1942,1.0,2020-12-02
12,2993,75.0,2020-11-11
12,7331,1.5,2021-02-28
12,7342,60.0,2021-08-23
12,7344,2.75,2021-11-24
12,7346,5.0,2020-04-27
12,8173,90.0,2020-06-05
12,11198,48.0,2021-01-01
12,12517,75.0,2021-01-28
12,14593,0.25,2020-08-28
12,19565,2.75,2020-07-08
12,26758,8.5,2020-05-16
13,75,2.75,2021-08-13
13,121,90.0,2020-03-13
13,231,10.0,2020-04-26
13,343,2.25,2020-10-08
13,379,4.5,2021-03-15
13,493,0.5,2021-08-03
13,500,4.75,2020-07-04
13,529,1.0,2020-02-23
13,673,4.75,2021-09-22
13,1009,0.0,2021-03-24
13,1942,4.25,2021-05-13
13,1985,1.5,2020-08-31
13,8173,1.75,2021-05-28
13,11198,3.75,2021-02-09
19,16,2.75,2021-05-07
19,427,3.0,2020-04-18
19,498,26.5,2021-04-30
19,501,3.25,2020-11-22
19,673,2.75,2020-09-03
19,974,1.0,2021-05-16
19,1029,4.0,2020-07-12
19,1121,3.5,2021-06-16
19,1262,90.0,2020-08-14
19,1331,2.0,2021-11-07
19,1384,38.0,2021-08-02
19,1802,1.75,2020-05-15
19,1871,10.0,2021-09-24
19,1942,2.5,2021-11-18
19,7342,32.0,2021-06-28
19,7346,5.0,2020-06-14
19,8173,4.75,2021-05-11
19,9730,27.0,2021-05-01
19,14593,60.0,2021-11-12
22,16,1.0,2020-06-13
22,21,1.25,2021-07-05
22,37,75.0,2021-01-26
22,39,1.0,2021-10-03
22,40,3.75,2020-11-11
22,72,4.25,2020-05-25
22,73,10.0,2021-01-21
22,75,2.0,2020-10-08
22,109,1.25,2021-08-20
22,116,2.75,2021-04-04
22,121,90.0,2021-06-09
22,434,90.0,2021-01-06
22,472,16.0,2020-02-11
22,500,1.5,2020-03-18
22,501,32.0,2020-03-17
22,673,3.25,2021-01-06
22,733,0.0,2020-03-08
22,960,4.25,2021-11-14
22,1121,3.5,2021-04-25
22,1262,0.0,2021-02-14
22,1384,484.0,2021-07-12
22,1887,3.25,2020-06-23
22,1970,4.25,2021-10-27
22,2031,293.0,2020-05-09
22,6801,4.5,2021-06-09
22,7351,3.5,2020-05-22
22,8173,0.25,2021-05-18
22,9730,713.0,2020-09-29
23,39,3.5,2020-12-04
23,43,0.25,2020-10-16
23,72,3.75,2021-01-26
23,73,3.5,2020-05-26
23,75,4.0,2021-01-26
23,124,3.25,2021-12-11
23,132,4.75,2021-04-20
23,247,1.0,2021-05-06
23,327,0.0,2021-09-21
23,358,2.25,2020-08-06
23,375,234.0,2020-11-09
23,379,0.25,2021-12-15
23,431,52.0,2020-10-11
23,472,4.25,2020-07-14
23,478,2.0,2020-12-12
23,500,4.25,2020-02-28
23,501,2.25,2020-03-27
23,533,3.75,2020-11-04
23,537,1.0,2021-06-14
23,559,52.0,2020-08-24
23,730,48.0,2021-04-13
23,960,52.0,2021-02-13
23,974,1.75,2020-08-16
23,1011,2.75,2020-08-25
23,1020,1.25,2021-04-01
23,1262,2.0,2020-08-30
23,1266,4.75,2021-01-04
23,1372,100.0,2020-10-14
23,1802,1.75,2021-01-18
23,1887,52.0,2020-05-06
23,1942,0.75,2020-08-31
23,2993,24.0,2021-10-22
23,6036,184.0,2020-06-01
23,7342,52.0,2020-10-15
23,7344,1.25,2021-02-26
23,11156,3.5,2021-06-27
23,11198,16.0,2021-08-12
23,12517,75.0,2021-04-10
23,19560,90.0,2020-11-13
23,19565,32.0,2020-11-09
23,25076,4.25,2021-11-21
27,127,4.0,2021-06-23
27,247,3.75,2021-06-26
27,343,32.0,2021-04-04
27,427,1.0,2020-09-04
27,493,508.0,2021-10-01
27,501,1.5,2020-09-15
27,537,75.0,2020-02-29
27,559,3.5,2020-09-03
27,730,16.0,2020-07-06
27,1020,3.75,2020-07-13
27,1352,2.0,2020-05-04
27,1871,0.5,2020-02-01
27,1887,10.0,2021-12-11
27,7351,0.25,2021-02-14
27,9730,43.0,2020-09-19
28,16,52.0,2021-08-28
28,20,41.0,2020-06-11
28,21,52.0,2021-02-12
28,37,2.5,2021-03-17
28,40,32.0,2020-10-30
28,43,4.5,2020-02-21
28,59,1.0,2021-02-20
28,75,0.0,2020-07-19
28,109,52.0,2021-06-03
28,113,2.5,2020-03-18
28,127,3.0,2020-02-13
28,230,12.0,2021-11-10
28,233,2.75,2020-02-09
28,358,3.5,2021-08-12
28,427,0.0,2020-06-09
28,434,3.75,2021-09-04
28,472,3.25,2020-11-24
28,478,90.0,2021-05-26
28,493,15.5,2021-03-28
28,501,1.75,2020-02-20
28,529,1.0,2020-09-14
28,533,0.0,2020-11-11
28,537,0.0,2021-06-02
28,538,3.75,2020-07-03
28,545,10.0,2020-12-20
28,559,1.5,2021-06-19
28,623,1.0,2021-05-09
28,673,0.25,2021-03-08
28,733,0.25,2021-12-09
28,974,32.0,2021-07-23
28,979,4.5,2020-10-11
28,1011,2.0,2021-06-28
28,1026,3.5,2021-06-30
28,1029,0.5,2021-04-08
28,1074,47.0,2021-07-05
28,1164,3.75,2021-12-03
28,1262,0.0,2020-07-11
28,1266,16.0,2020-10-16
28,1331,2.0,2021-12-19
28,1802,0.25,2020-08-17
28,1871,1.5,2021-03-15
28,1942,5.0,2020-12-02
28,2993,48.0,2021-12-07
28,3025,0.0,2021-04-28
28,6801,3.75,2021-08-04
28,7334,3.5,2021-07-21
28,7342,2.0,2021-08-26
28,7344,3.25,2021-05-02
28,7351,24.0,2020-04-03
28,7599,0.75,2021-12-02
28,8173,2.5,2021-05-10
28,11198,1.75,2020-04-09
28,12517,3.0,2020-04-26
28,14593,3.5,2021-01-14
28,25076,2.0,2021-11-29
30,59,100.0,2020-04-13
30,72,48.0,2020-11-11
30,116,80.25,2020-10-22
30,128,52.0,2020-02-20
30,427,32.0,2020-07-15
30,472,3.25,2020-06-06
30,501,5.0,2021-04-29
30,545,90.0,2020-12-21
30,549,33.0,2020-06-08
30,559,24.0,2020-04-29
30,730,48.0,2020-04-28
30,1164,2.0,2021-01-11
30,1262,1.5,2021-11-05
30,1372,48.0,2020-03-28
30,1942,24.0,2021-04-26
30,5503,4.0,2020-10-03
30,7331,1.5,2021-10-29
30,7342,75.0,2020-08-01
30,8173,4.75,2020-08-23
30,14593,5.0,2020-11-14
30,17000,12.0,2021-01-28
30,19565,90.0,2021-05-16
32,16,0.25,2020-10-19
32,72,0.25,2021-01-01
32,75,2.25,2021-06-12
32,109,100.0,2020-12-18
32,126,28.5,2020-11-05
32,231,3.5,2021-02-22
32,247,24.0,2021-11-04
32,529,0.75,2021-07-08
32,533,5.0,2020-11-03
32,545,4.5,2020-09-22
32,559,24.0,2020-10-28
32,622,75.0,2020-11-05
32,623,5.0,2020-12-30
32,730,32.0,2021-10-04
32,733,75.0,2021-10-21
32,1011,2.25,2020-09-10
32,1020,32.0,2021-10-31
32,1262,60.0,2020-04-26
32,1266,4.5,2020-03-21
32,1331,5.0,2020-05-05
32,1352,1.5,2021-08-12
32,1802,4.5,2021-01-16
32,1871,0.5,2021-08-25
32,1887,0.75,2020-07-02
32,1970,2.75,2021-03-23
32,1985,5.0,2021-11-30
32,2993,3.25,2020-10-04
32,7323,2.25,2020-03-01
32,7342,2.75,2021-05-21
32,7344,0.25,2020-09-04
32,7351,2.0,2021-10-01
32,8173,48.0,2020-06-08
32,14593,0.5,2021-01-30
35,18,5.0,2020-11-16
35,76,21.5,2021-03-12
35,113,16.0,2020-07-26
35,233,90.0,2021-06-23
35,358,32.0,2020-11-15
35,427,4.75,2021-08-03
35,478,80.25,2021-02-03
35,501,16.0,2021-10-09
35,673,32.0,2020-10-26
35,733,0.0,2020-06-13
35,974,0.75,2021-03-06
35,1011,1.0,2020-02-27
35,1020,2.5,2020-06-17
35,1026,1.75,2021-01-27
35,1029,0.0,2021-02-06
35,1074,20.5,2020-08-10
35,1164,2.0,2021-02-20
35,1262,10.0,2020-04-29
35,1331,0.75,2020-08-17
35,1802,80.25,2021-09-15
35,1871,1.75,2020-11-21
35,1887,5.0,2020-09-27
35,1942,1.0,2020-10-23
35,1985,0.0,2021-03-13
35,2155,5.0,2020-03-20
35,7342,52.0,2020-11-27
35,7344,4.25,2020-07-22
35,7346,4.75,2021-01-16
35,8173,100.0,2021-01-13
35,9630,7.0,2020-06-20
35,11198,0.5,2021-03-06
35,12517,3.5,2022-01-07
35,14593,2.75,2021-01-25
36,15,1.0,2020-10-31
36,18,27.0,2021-06-24
36,20,12.0,2020-10-15
36,37,75.0,2021-05-15
36,38,1.5,2021-11-27
36,39,1.75,2021-11-09
36,116,4.0,2021-10-20
36,127,5.0,2020-09-04
36,247,80.25,2021-12-28
36,327,4.75,2020-10-29
36,375,12.5,2020-06-07
36,427,2.25,2020-07-13
36,478,80.25,2020-03-01
36,493,9.5,2021-05-09
36,500,0.5,2021-12-18
36,501,90.0,2020-12-23
36,529,1.25,2021-04-27
36,545,32.0,2021-02-06
36,559,3.25,2020-10-06
36,623,2.0,2021-02-05
36,730,24.0,2020-08-23
36,732,60.0,2020-12-14
36,733,0.0,2020-05-30
36,974,0.5,2020-04-17
36,1011,75.0,2021-02-21
36,1026,1.75,2020-05-09
36,1070,33.0,2021-03-08
36,1266,3.5,2020-07-22
36,1331,4.0,2021-03-21
36,1384,45.5,2021-03-02
36,1942,3.0,2020-04-30
36,1970,2.5,2021-03-16
36,1985,1.0,2021-03-04
36,2155,0.25,2021-04-10
36,2207,1.75,2020-11-15
36,3025,2.25,2021-06-22
36,7323,2.5,2021-09-07
36,7342,75.0,2020-04-03
36,7344,2.5,2021-08-17
36,7346,1.0,2021-10-03
36,7599,4.5,2020-02-09
36,8173,0.0,2020-10-29
36,9630,1.0,2021-12-16
36,11198,60.0,2021-12-02
36,12517,48.0,2021-03-28
36,14593,24.0,2020-09-27
36,25076,4.25,2021-03-03
38,15,2.25,2021-07-28
38,21,4.25,2021-09-03
38,37,2.25,2020-07-16
38,38,3.0,2020-07-22
38,39,4.5,2020-09-22
38,40,4.75,2020-06-12
38,59,2.25,2021-07-14
38,73,1.0,2020-04-25
38,74,678.0,2020-08-27
38,109,3.5,2021-07-28
38,113,0.75,2021-08-30
38,124,1.75,2020-03-25
38,127,4.75,2021-09-19
38,231,4.75,2021-08-23
38,239,36.0,2021-10-20
38,327,0.0,2021-05-01
38,343,1.25,2020-04-17
38,358,100.0,2020-11-28
38,379,4.0,2020-06-19
38,427,80.25,2021-02-17
38,472,1.0,2021-01-05
38,478,3.75,2021-03-16
38,500,0.0,2021-09-26
38,501,1.0,2020-10-29
38,533,16.0,2020-10-25
38,538,90.0,2020-05-21
38,559,1.25,2020-12-30
38,622,100.0,2020-10-13
38,673,4.5,2020-09-25
38,731,3.5,2021-11-26
38,733,4.5,2021-08-26
38,960,60.0,2020-08-24
38,974,48.0,2021-03-04
38,1011,0.75,2021-03-09
38,1020,1.25,2021-01-08
38,1026,32.0,2020-09-13
38,1029,48.0,2021-07-25
38,1070,20.0,2020-05-23
38,1331,1.75,2021-10-23
38,1384,8.5,2021-11-29
38,1802,16.0,2021-03-09
38,1871,60.0,2020-03-22
38,1942,4.0,2021-09-12
38,1985,1.0,2021-06-16
38,7323,0.0,2021-01-19
38,7342,75.0,2021-06-30
38,7344,4.25,2020-04-24
38,7346,3.25,2021-01-24
38,8173,60.0,2021-02-02
38,9630,11.0,2021-03-31
38,11198,3.25,2021-02-15
38,12517,2.5,2020-08-23
38,14593,0.75,2021-09-30
40,16,3.0,2020-06-21
40,20,520.0,2020-06-04
40,21,3.75,2020-05-01
40,38,0.0,2020-05-10
40,116,1.5,2020-05-19
40,124,32.0,2020-02-06
40,230,186.0,2020-11-18
40,247,48.0,2021-08-13
40,478,48.0,2021-10-29
40,498,217.0,2021-08-29
40,537,3.5,2020-04-02
40,549,306.0,2021-04-27
40,979,1.75,2020-09-03
40,1070,17.5,2020-09-24
40,1802,0.0,2022-01-06
40,1871,10.0,2021-01-13
40,3025,1.5,2021-05-22
40,7344,4.5,2021-05-11
40,7346,32.0,2020-10-22
40,8173,80.25,2021-01-03
40,9730,19.0,2021-06-22
40,14593,52.0,2022-01-08
40,26758,622.0,2021-03-22
41,116,3.25,2021-10-10
41,358,1.0,2021-11-22
41,533,1.0,2020-09-27
41,673,2.75,2020-09-30
41,1029,24.0,2021-02-27
41,1074,103.0,2021-04-17
41,1871,0.25,2020-03-24
41,1887,80.25,2021-02-09
41,2993,24.0,2020-02-23
41,7344,1.0,2021-09-19
41,14593,80.25,2020-12-05
44,18,8.5,2021-04-23
44,73,5.0,2020-06-18
44,116,90.0,2020-02-21
44,126,40.0,2021-06-10
44,231,0.0,2020-10-27
44,233,3.5,2021-01-11
44,247,4.5,2021-02-25
44,358,3.0,2022-01-10
44,427,24.0,2020-02-29
44,501,16.0,2020-09-14
44,529,3.5,2020-05-02
44,533,2.75,2021-07-05
44,559,1.5,2020-12-01
44,673,0.75,2020-12-05
44,733,16.0,2021-08-10
44,1026,2.0,2021-06-06
44,1029,75.0,2020-04-28
44,1070,28.0,2021-11-18
44,1074,39.5,2021-04-02
44,1262,48.0,2020-09-28
44,1352,0.0,2020-11-23
44,1384,8.5,2021-11-08
44,1802,0.5,2020-11-06
44,1871,4.5,2021-03-16
44,1942,0.25,2021-01-08
44,7323,75.0,2021-01-03
44,7344,3.25,2021-11-13
44,7346,0.75,2021-03-07
44,7351,3.25,2020-08-07
44,8173,1.5,2021-11-30
44,12517,100.0,2021-12-19
44,14593,4.25,2021-01-16
45,16,0.0,2021-06-21
45,37,1.25,2021-01-29
45,38,16.0,2021-08-22
45,39,2.5,2021-09-22
45,40,3.75,2020-08-12
45,71,60.0,2020-07-10
45,72,4.0,2020-09-20
45,73,2.25,2021-07-20
45,75,0.0,2020-03-20
45,113,0.75,2020-11-27
45,124,60.0,2021-09-08
45,126,42.0,2020-09-14
45,128,2.5,2021-01-12
45,327,52.0,2021-10-29
45,343,32.0,2021-11-07
45,358,75.0,2021-12-16
45,427,1.5,2020-02-12
45,472,2.5,2021-04-15
45,500,1.75,2021-05-24
45,501,4.75,2020-02-15
45,538,0.5,2021-11-06
45,559,80.25,2021-10-29
45,622,4.75,2020-06-15
45,623,32.0,2021-06-22
45,673,3.0,2020-09-09
45,730,4.75,2021-10-20
45,732,0.0,2021-08-22
45,733,90.0,2021-05-03
45,960,0.25,2020-02-03
45,974,24.0,2021-05-14
45,1011,4.25,2020-04-28
45,1020,1.0,2020-12-26
45,1029,1.25,2021-03-29
45,1068,704.0,2021-08-09
45,1164,1.5,2020-11-23
45,1262,24.0,2021-05-21
45,1266,3.25,2021-04-15
45,1331,4.0,2020-09-06
45,1802,48.0,2021-04-28
45,1871,1.5,2020-05-28
45,1887,24.0,2021-03-17
45,1970,32.0,2021-05-28
45,3025,1.25,2020-03-15
45,6801,10.0,2020-11-14
45,7323,52.0,2021-04-17
45,7334,40.5,2021-06-26
45,7342,0.0,2021-05-07
45,7344,4.5,2021-04-07
45,7346,5.0,2021-05-02
45,8173,3.75,2020-07-12
45,11198,1.25,2020-11-15
45,12517,0.75,2021-01-12
45,14593,1.0,2021-06-22
45,25076,52.0,2020-05-20
46,15,5.0,2020-11-28
46,38,1.0,2021-08-26
46,39,100.0,2021-06-08
46,40,3.75,2021-07-10
46,43,3.25,2020-09-02
46,59,4.25,2020-04-04
46,73,2.5,2020-03-28
46,75,4.25,2021-03-27
46,132,0.75,2021-01-24
46,472,1.0,2021-12-14
46,498,39.0,2021-01-20
46,533,2.75,2020-08-30
46,537,5.0,2020-12-29
46,551,3.0,2020-10-01
46,623,4.25,2021-07-05
46,730,48.0,2021-09-09
46,1020,80.25,2021-02-12
46,1121,1.0,2021-06-09
46,1331,2.5,2021-11-22
46,1887,1.75,2020-02-03
46,1942,1.5,2020-12-01
46,2155,80.25,2022-01-09
46,2993,4.0,2021-02-13
46,6036,15.5,2020-07-27
46,7334,42.0,2020-07-20
46,9630,30.0,2021-03-11
46,11133,2.5,2021-05-08
46,11198,80.25,2021-10-01
46,14593,1.75,2020-11-14
47,15,2.75,2021-09-08
47,16,1.0,2020-02-04
47,21,32.0,2020-02-07
47,38,24.0,2020-03-01
47,40,3.0,2021-06-10
47,59,90.0,2021-07-20
47,72,75.0,2021-12-06
47,73,10.0,2021-11-12
47,74,402.0,2021-12-20
47,109,32.0,2020-07-31
47,116,80.25,2021-01-23
47,132,0.0,2020-10-22
47,230,30.0,2020-09-28
47,231,75.0,2021-01-27
47,233,60.0,2020-10-19
47,343,3.0,2020-12-23
47,358,0.75,2021-09-03
47,375,30.5,2021-05-06
47,431,0.0,2021-02-15
47,478,2.0,2020-06-12
47,500,10.0,2020-11-06
47,512,2.5,2020-12-11
47,537,4.0,2021-06-25
47,545,60.0,2021-06-16
47,551,4.5,2020-05-13
47,559,48.0,2020-06-03
47,623,3.0,2020-05-31
47,730,2.5,2021-06-25
47,732,0.0,2021-04-08
47,733,80.25,2021-02-01
47,960,1.5,2020-02-10
47,1011,1.75,2021-12-05
47,1020,90.0,2021-05-24
47,1121,2.5,2021-08-16
47,1164,2.5,2021-08-28
47,1262,52.0,2020-09-05
47,1942,16.0,2020-02-05
47,1970,52.0,2020-04-07
47,1985,4.5,2020-04-17
47,2155,90.0,2020-07-28
47,2993,4.0,2021-12-08
47,6801,4.0,2021-08-13
47,7334,436.0,2020-11-07
47,7342,3.25,2020-09-08
47,7346,0.75,2020-05-23
47,7351,80.25,2020-05-01
47,7599,1.25,2021-04-07
47,8173,4.75,2022-01-04
47,11198,75.0,2020-10-15
47,11208,23.0,2020-06-09
47,12517,0.0,2021-04-25
47,14593,1.0,2021-04-18
54,16,0.75,2021-02-18
54,20,32.0,2021-08-08
54,37,1.0,2021-01-11
54,39,0.25,2020-11-03
54,40,16.0,2021-10-07
54,71,3.75,2020-10-27
54,72,4.75,2021-10-05
54,73,1.0,2021-03-08
54,74,305.0,2021-12-04
54,75,2.75,2021-02-09
54,113,4.75,2021-02-28
54,121,4.75,2021-06-23
54,124,5.0,2020-11-28
54,239,240.0,2020-07-09
54,427,75.0,2020-02-06
54,472,0.25,2021-11-21
54,478,80.25,2021-07-05
54,500,4.25,2020-08-29
54,501,3.0,2020-05-13
54,512,1.25,2020-09-08
54,549,705.0,2020-08-21
54,623,5.0,2021-09-27
54,673,5.0,2021-09-12
54,731,349.0,2021-12-10
54,733,5.0,2021-01-12
54,866,1.0,2021-09-07
54,974,10.0,2020-04-02
54,979,3.25,2020-06-13
54,1011,75.0,2021-09-19
54,1020,1.75,2020-08-25
54,1029,16.0,2021-02-28
54,1070,17.5,2020-10-11
54,1164,4.5,2021-08-20
54,1262,0.0,2021-11-06
54,1266,24.0,2021-02-08
54,1331,0.25,2020-03-29
54,1352,0.25,2021-10-07
54,1802,100.0,2021-11-06
54,1871,4.0,2021-01-04
54,1985,10.0,2020-10-23
54,2993,3.0,2021-03-17
54,7342,4.75,2021-06-30
54,7344,90.0,2022-01-01
54,7346,75.0,2020-08-15
54,8173,3.5,2021-02-13
54,11156,3.75,2021-06-22
54,11198,1.0,2020-07-09
54,14593,52.0,2020-08-11
54,17000,11.0,2021-11-04
54,25076,24.0,2020-11-22
64,16,3.0,2020-03-03
64,40,1.5,2020-07-08
64,59,1.75,2021-10-24
64,71,5.0,2021-05-03
64,230,18.5,2020-12-26
64,343,60.0,2020-07-05
64,358,1.5,2020-02-11
64,427,0.0,2020-11-06
64,472,1.75,2020-06-28
64,478,1.0,2020-09-12
64,537,60.0,2020-11-06
64,623,3.5,2020-07-04
64,960,52.0,2021-06-23
64,979,1.0,2021-09-18
64,1026,1.75,2021-08-15
64,1029,16.0,2021-04-17
64,1068,22.0,2020-06-09
64,1070,5.5,2020-08-06
64,1262,3.75,2021-05-06
64,1266,2.25,2020-04-10
64,1331,0.25,2020-07-19
64,1871,100.0,2020-05-12
64,1942,4.5,2020-11-11
64,2207,2.25,2020-11-22
64,3025,4.25,2020-07-28
64,7342,0.0,2020-05-02
64,7344,10.0,2021-06-29
64,7599,60.0,2021-06-06
64,8173,3.0,2021-12-08
64,11198,3.75,2021-01-21
64,11208,431.0,2020-12-20
64,12517,2.0,2021-11-29
64,14593,24.0,2021-03-19
64,17000,41.5,2021-08-31
69,20,20.0,2021-05-25
69,39,2.75,2020-08-03
69,43,60.0,2021-01-16
69,73,3.25,2021-10-28
69,75,4.25,2020-08-02
69,132,2.25,2021-02-22
69,247,52.0,2020-09-03
69,472,1.0,2020-12-30
69,500,60.0,2021-06-16
69,529,1.0,2021-05-18
69,538,3.5,2020-09-16
69,622,4.75,2021-11-21
69,732,3.5,2021-09-17
69,733,1.0,2020-02-27
69,960,0.25,2021-05-13
69,979,0.0,2020-09-19
69,1009,1.5,2020-11-29
69,1121,10.0,2021-01-13
69,1331,4.5,2021-07-25
69,1802,75.0,2021-05-20
69,1970,4.5,2020-08-01
69,1985,4.75,2020-07-23
69,2155,52.0,2021-08-20
69,7342,16.0,2021-08-04
69,19560,52.0,2020-02-14
69,19565,0.0,2020-05-25
69,25076,1.0,2020-06-03
74,16,5.0,2020-11-05
74,21,0.0,2020-03-21
74,38,4.0,2021-03-13
74,39,5.0,2020-10-16
74,40,2.25,2020-09-03
74,71,2.0,2020-07-12
74,72,3.75,2021-09-13
74,73,60.0,2021-01-04
74,75,1.5,2021-01-13
74,116,3.0,2020-12-14
74,124,100.0,2021-12-24
74,132,3.75,2020-11-20
74,247,48.0,2021-10-21
74,427,0.0,2020-07-19
74,478,0.0,2020-11-08
74,529,2.5,2021-06-09
74,533,0.75,2020-08-28
74,559,5.0,2021-04-09
74,565,4.0,2021-03-27
74,623,0.5,2020-04-16
74,673,0.5,2020-05-18
74,730,80.25,2020-05-03
74,731,51.0,2020-06-21
74,733,5.0,2022-01-07
74,974,4.0,2021-09-13
74,1020,0.75,2021-11-30
74,1026,1.25,2021-05-04
74,1029,2.75,2021-04-12
74,1262,4.25,2021-01-29
74,1331,90.0,2021-12-20
74,1352,1.0,2020-04-19
74,1372,0.0,2020-05-12
74,1802,60.0,2020-03-27
74,1871,5.0,2020-04-13
74,1887,4.75,2020-02-01
74,1942,60.0,2020-09-20
74,1985,80.25,2021-02-08
74,7323,2.75,2021-07-01
74,7342,1.25,2021-05-03
74,7351,0.75,2021-02-14
74,7599,32.0,2020-04-15
74,8173,3.5,2020-10-21
74,9730,17.5,2021-02-05
74,14593,80.25,2020-10-09
74,17000,31.5,2021-02-16
74,25076,4.25,2021-07-25
76,16,2.5,2021-04-13
76,21,4.75,2020-03-28
76,39,4.5,2021-08-15
76,40,1.75,2021-06-12
76,73,0.0,2021-09-29
76,116,90.0,2021-05-16
76,124,3.0,2020-07-15
76,127,3.0,2021-01-27
76,327,3.5,2020-05-10
76,427,10.0,2021-08-16
76,478,0.75,2020-02-04
76,501,75.0,2021-03-23
76,538,52.0,2020-07-28
76,673,5.0,2021-09-18
76,733,3.25,2022-01-05
76,974,48.0,2021-10-22
76,979,0.5,2021-10-22
76,1026,1.0,2020-02-04
76,1029,5.0,2021-11-16
76,1262,0.75,2021-08-22
76,1970,10.0,2021-12-16
76,1985,60.0,2020-06-05
76,2207,5.0,2021-02-03
76,7342,90.0,2021-11-13
76,7344,0.25,2020-04-21
76,7346,4.75,2020-09-14
76,9630,45.5,2021-09-20
76,11133,4.0,2021-05-04
76,12517,1.75,2021-05-10
76,25076,80.25,2021-01-29
76,26758,3.5,2020-06-22
77,15,0.25,2020-08-15
77,39,100.0,2020-02-27
77,59,3.0,2020-12-14
77,72,90.0,2021-04-24
77,126,32.5,2020-10-16
77,127,100.0,2021-01-21
77,231,2.0,2020-02-26
77,247,80.25,2021-08-10
77,327,1.0,2021-04-16
77,343,80.25,2021-12-15
77,427,10.0,2021-11-04
77,493,245.0,2021-10-04
77,500,4.0,2021-06-20
77,529,1.0,2020-04-29
77,533,52.0,2021-12-23
77,545,2.0,2020-10-22
77,559,90.0,2020-08-10
77,730,1.0,2021-10-26
77,960,52.0,2021-11-12
77,1011,0.75,2021-06-16
77,1266,16.0,2021-01-25
77,1331,2.25,2021-09-14
77,1372,4.75,2020-05-09
77,1887,3.75,2021-11-07
77,7342,0.0,2020-04-23
77,7599,0.75,2020-05-18
77,9630,53.0,2021-07-03
77,9730,671.0,2021-09-01
77,25076,3.0,2021-05-01
78,20,9.0,2021-01-02
78,39,0.0,2020-11-03
78,40,1.0,2021-11-29
78,73,60.0,2020-07-02
78,109,3.5,2021-04-09
78,113,2.0,2021-01-20
78,126,12.5,2021-08-30
78,128,60.0,2020-02-26
78,233,2.5,2021-07-22
78,358,52.0,2021-06-21
78,427,2.75,2020-08-04
78,498,32.0,2021-04-21
78,512,52.0,2020-12-14
78,533,1.5,2020-02-12
78,545,4.75,2021-04-29
78,559,0.75,2021-11-07
78,673,48.0,2021-09-08
78,974,2.75,2020-03-03
78,1026,2.0,2022-01-08
78,1121,2.25,2021-10-15
78,1262,0.75,2020-10-12
78,1331,16.0,2020-04-29
78,1802,4.5,2021-10-22
78,1871,52.0,2020-09-26
78,1942,2.75,2021-07-02
78,2031,18.0,2020-12-17
78,2993,0.0,2020-11-16
78,7342,1.75,2021-02-15
78,7346,80.25,2020-12-17
78,9630,9.5,2020-05-26
78,11133,3.5,2021-06-22
78,11198,0.25,2020-05-11
78,14593,0.0,2020-08-08
78,19560,4.0,2021-01-04
79,15,4.5,2021-04-28
79,16,0.0,2020-06-28
79,21,3.75,2020-04-16
79,37,4.75,2020-02-18
79,72,52.0,2021-03-26
79,73,0.5,2021-09-15
79,74,614.0,2020-06-19
79,109,1.25,2020-10-06
79,116,48.0,2021-09-18
79,124,3.0,2021-01-29
79,126,46.0,2020-08-20
79,127,0.0,2021-06-25
79,231,48.0,2021-01-30
79,233,5.0,2020-08-04
79,239,597.0,2021-10-24
79,343,0.5,2021-12-09
79,427,3.25,2021-01-18
79,472,4.75,2021-03-22
79,500,1.0,2020-06-14
79,559,1.0,2021-12-31
79,623,0.0,2021-06-13
79,673,48.0,2020-07-04
79,730,32.0,2021-06-27
79,732,3.0,2021-08-04
79,733,1.5,2021-03-02
79,974,1.75,2021-02-02
79,1011,0.0,2022-01-06
79,1029,3.5,2020-12-15
79,1262,1.0,2020-05-10
79,1266,32.0,2021-09-29
79,1331,2.0,2020-06-13
79,1372,32.0,2021-09-12
79,1802,10.0,2020-06-12
79,1871,2.25,2021-01-07
79,1887,3.0,2021-11-04
79,1942,75.0,2020-06-29
79,1970,3.25,2021-10-14
79,1985,3.75,2021-06-29
79,2993,5.0,2020-06-30
79,3025,10.0,2021-12-17
79,7342,0.5,2021-08-05
79,7344,0.5,2020-08-24
79,8173,2.0,2020-10-22
79,12517,52.0,2021-06-26
79,14593,10.0,2020-08-23
79,19560,80.25,2020-12-05
79,26758,19.0,2021-12-03
80,16,3.25,2020-03-15
80,20,2.5,2021-06-01
80,21,1.25,2021-11-12
80,37,24.0,2020-07-27
80,40,4.5,2021-11-08
80,71,0.25,2021-08-31
80,72,0.0,2020-09-23
80,73,0.5,2020-12-11
80,74,110.0,2021-03-15
80,75,2.25,2020-07-11
80,76,36.5,2020-08-17
80,116,3.5,2020-04-07
80,124,2.25,2021-10-17
80,127,48.0,2021-03-22
80,128,2.25,2020-08-25
80,231,16.0,2020-02-07
80,233,4.0,2021-09-09
80,343,3.5,2021-03-09
80,358,32.0,2021-06-28
80,375,45.5,2020-12-12
80,427,3.0,2020-06-20
80,472,16.0,2021-06-09
80,529,16.0,2020-12-19
80,538,80.25,2020-08-27
80,545,16.0,2020-06-26
80,565,2.5,2020-04-03
80,623,0.0,2021-03-22
80,730,2.75,2020-09-23
80,733,2.5,2021-07-21
80,979,0.75,2020-05-10
80,1011,4.5,2021-05-13
80,1026,60.0,2021-04-25
80,1164,16.0,2020-03-22
80,1262,3.0,2021-05-19
80,1266,1.5,2021-10-24
80,1331,1.25,2021-11-12
80,1352,48.0,2020-06-17
80,1384,19.5,2021-07-08
80,1802,0.75,2020-06-17
80,1871,75.0,2020-08-05
80,1887,4.0,2021-06-15
80,1942,100.0,2020-06-26
80,2155,3.0,2022-01-03
80,2993,1.5,2020-02-04
80,3025,16.0,2021-05-24
80,7323,0.25,2020-09-15
80,7344,0.0,2021-05-23
80,9630,9.5,2020-09-24
80,11198,4.25,2021-06-27
80,11208,43.5,2020-07-29
80,12517,4.25,2021-07-26
80,26758,30.0,2021-08-01
81,38,1.5,2021-04-30
81,40,2.25,2021-08-13
81,59,80.25,2021-11-05
81,72,1.0,2020-10-12
81,121,52.0,2021-12-26
81,128,24.0,2020-06-08
81,231,3.75,2021-11-02
81,239,19.0,2021-04-12
81,478,4.5,2021-12-10
81,529,1.0,2021-10-23
81,537,2.5,2020-10-29
81,730,4.5,2021-01-05
81,733,80.25,2020-09-10
81,866,3.75,2020-07-09
81,960,1.0,2021-02-10
81,1020,10.0,2020-09-13
81,1164,3.25,2020-10-15
81,1802,3.5,2020-07-23
81,1887,4.75,2021-06-15
81,1970,1.0,2021-07-01
81,2993,4.5,2021-04-30
81,7323,0.75,2021-11-30
81,17000,9.5,2020-11-23
82,15,75.0,2021-07-20
82,16,52.0,2020-10-24
82,21,5.0,2021-05-29
82,38,0.75,2021-02-05
82,40,80.25,2020-07-07
82,59,5.0,2020-12-05
82,71,0.0,2020-09-15
82,72,32.0,2020-06-04
82,75,4.0,2020-09-17
82,127,3.0,2020-07-07
82,128,4.0,2021-09-17
82,231,75.0,2021-03-27
82,343,4.5,2021-10-07
82,478,1.0,2021-01-23
82,501,3.25,2021-03-01
82,529,0.5,2020-05-08
82,537,4.25,2021-04-12
82,538,2.25,2020-11-04
82,545,2.25,2021-11-16
82,549,37.5,2020-11-03
82,673,100.0,2020-07-07
82,730,2.5,2021-07-18
82,960,0.5,2020-03-16
82,1011,1.0,2021-05-31
82,1262,3.0,2020-03-22
82,1331,3.25,2020-05-22
82,1372,60.0,2021-03-30
82,1871,16.0,2021-04-22
82,1942,24.0,2020-07-04
82,1970,10.0,2020-10-29
82,2155,1.0,2020-02-12
82,3025,3.0,2021-08-08
82,7351,1.75,2020-06-24
82,8173,60.0,2020-09-11
82,14593,2.0,2020-07-21
82,19560,0.0,2021-06-21
83,15,32.0,2021-02-04
83,21,32.0,2020-07-21
83,39,3.0,2020-04-04
83,40,1.0,2020-08-10
83,72,75.0,2020-04-30
83,116,1.5,2021-04-16
83,124,24.0,2021-03-01
83,126,13.0,2020-12-21
83,127,1.25,2021-07-16
83,343,48.0,2021-08-09
83,472,2.0,2021-03-15
83,500,2.5,2022-01-04
83,501,24.0,2020-06-06
83,529,32.0,2021-05-25
83,622,4.75,2020-05-27
83,731,30.0,2020-11-08
83,732,0.0,2021-05-24
83,733,2.75,2021-12-13
83,1020,2.5,2020-11-06
83,1262,1.75,2020-12-08
83,1266,3.25,2021-03-03
83,1372,1.0,2021-03-13
83,1942,4.25,2020-04-27
83,2993,0.0,2020-04-18
83,3025,100.0,2021-02-27
83,9730,27.0,2021-01-06
83,11133,3.5,2021-01-29
83,11198,4.25,2021-03-10
83,25076,1.5,2021-01-06
84,15,32.0,2020-06-04
84,40,10.0,2021-04-04
84,73,2.75,2020-04-22
84,113,48.0,2021-06-19
84,128,10.0,2021-02-13
84,537,4.5,2020-06-13
84,559,1.5,2021-11-23
84,1262,3.0,2020-02-10
84,1331,0.5,2020-06-20
84,1871,48.0,2020-09-13
84,1970,1.25,2020-04-07
84,7323,4.25,2021-06-25
84,7344,0.0,2021-07-16
84,7351,10.0,2020-11-22
84,7599,32.0,2021-04-12
84,8173,3.0,2021-01-18
84,9730,13.5,2020-05-19
85,37,60.0,2020-03-26
85,39,4.75,2021-04-16
85,40,16.0,2021-06-29
85,72,10.0,2020-10-28
85,116,0.0,2020-10-02
85,128,0.0,2020-09-14
85,230,3.5,2021-03-22
85,247,3.25,2021-09-27
85,358,1.75,2021-07-23
85,375,18.0,2020-09-20
85,427,3.75,2020-11-06
85,501,24.0,2021-02-03
85,622,1.0,2021-12-03
85,623,80.25,2021-10-29
85,673,4.0,2020-10-04
85,731,35.0,2021-02-13
85,732,3.25,2021-04-12
85,960,0.0,2021-02-19
85,974,48.0,2021-08-07
85,979,1.75,2021-11-12
85,1026,4.25,2021-04-12
85,1262,10.0,2020-02-24
85,1331,3.0,2021-11-28
85,1352,1.0,2020-08-31
85,1802,0.0,2020-10-28
85,1871,60.0,2021-11-25
85,1942,1.0,2020-12-07
85,7342,2.5,2021-06-23
85,7344,1.5,2020-12-27
85,7346,4.25,2020-02-01
85,7351,0.25,2020-12-07
85,7599,3.75,2021-02-06
85,8173,1.5,2020-08-15
85,11198,0.5,2021-03-27
85,11208,43.5,2020-07-28
85,12517,2.25,2021-06-18
85,14593,0.5,2021-06-07
86,18,27.0,2021-01-20
86,39,1.0,2021-09-29
86,40,1.0,2020-06-30
86,73,4.75,2020-06-07
86,124,1.75,2020-07-04
86,127,5.0,2021-02-05
86,247,1.75,2021-12-13
86,538,60.0,2020-07-01
86,733,52.0,2020-11-11
86,960,1.25,2021-10-21
86,1074,11.0,2021-05-19
86,1121,2.25,2021-11-10
86,1384,26.5,2020-06-11
86,1871,3.0,2020-03-27
86,1887,24.0,2020-10-13
86,1985,80.25,2021-09-10
86,2155,100.0,2020-03-18
86,11133,0.75,2020-12-02
86,12517,48.0,2020-04-06
86,14593,3.5,2020-11-21
87,39,0.0,2020-09-22
87,59,3.25,2020-09-18
87,116,0.25,2020-05-29
87,233,1.0,2021-04-15
87,343,5.0,2021-05-19
87,427,60.0,2020-02-29
87,434,4.25,2021-04-04
87,501,2.75,2021-12-31
87,529,75.0,2020-05-09
87,545,1.5,2020-07-08
87,559,75.0,2021-06-27
87,673,2.25,2021-04-03
87,732,1.0,2021-09-08
87,960,60.0,2020-03-24
87,1009,90.0,2021-02-04
87,1068,520.0,2021-07-26
87,1372,0.0,2020-03-20
87,6801,90.0,2020-08-12
87,7342,4.25,2021-11-01
87,7346,1.0,2021-02-02
87,7599,5.0,2021-06-28
87,8173,3.75,2020-09-27
87,11198,4.25,2021-01-28
87,12517,0.5,2022-01-02
87,14593,90.0,2021-10-06
88,15,4.0,2020-11-17
88,16,0.75,2020-08-25
88,21,1.75,2020-10-11
88,37,2.0,2021-05-15
88,38,2.75,2021-10-08
88,43,4.5,2020-12-02
88,59,4.0,2020-12-26
88,71,90.0,2020-09-18
88,73,24.0,2021-02-25
88,75,80.25,2020-10-24
88,113,3.5,2021-06-23
88,126,25.0,2020-12-05
88,247,2.5,2020-06-11
88,358,80.25,2020-02-25
88,379,1.5,2021-12-27
88,427,1.25,2020-09-28
88,472,75.0,2020-11-09
88,478,0.0,2020-11-17
88,500,100.0,2020-08-08
88,501,3.25,2020-02-23
88,529,4.0,2020-08-24
88,537,90.0,2020-10-30
88,623,4.75,2020-08-27
88,673,16.0,2020-02-27
88,730,2.75,2020-12-15
88,732,1.0,2021-07-25
88,866,32.0,2021-08-07
88,960,4.5,2021-05-09
88,979,1.5,2021-07-08
88,1020,75.0,2021-02-28
88,1026,0.5,2021-01-03
88,1029,10.0,2020-02-13
88,1262,90.0,2021-02-24
88,1331,0.75,2021-07-18
88,1802,5.0,2020-07-10
88,1887,48.0,2021-03-10
88,1942,48.0,2020-08-15
88,1970,3.0,2021-02-20
88,1985,52.0,2021-05-01
88,2155,3.5,2020-04-08
88,2993,5.0,2020-03-29
88,5503,17.0,2020-05-21
88,6036,11.0,2021-05-15
88,6801,10.0,2021-12-26
88,7342,52.0,2021-02-06
88,7344,4.25,2020-07-03
88,7351,16.0,2020-08-07
88,7599,2.75,2020-05-08
88,11198,2.25,2020-08-20
88,12517,3.0,2021-03-08
88,14593,52.0,2020-05-15
89,15,16.0,2020-11-15
89,16,60.0,2021-12-09
89,20,193.0,2021-11-04
89,37,75.0,2021-03-11
89,38,52.0,2020-05-23
89,73,100.0,2020-10-11
89,75,4.5,2021-12-03
89,113,1.25,2021-09-02
89,121,1.25,2020-11-16
89,126,33.5,2020-07-18
89,127,1.0,2020-05-18
89,231,2.0,2020-12-08
89,233,3.0,2020-03-26
89,247,32.0,2022-01-09
89,427,52.0,2020-04-25
89,478,2.75,2021-05-31
89,498,601.0,2020-09-19
89,500,5.0,2021-11-23
89,533,2.0,2020-02-21
89,537,80.25,2021-05-18
89,960,16.0,2020-04-26
89,1011,4.25,2020-03-28
89,1068,132.0,2021-12-15
89,1070,45.5,2021-01-11
89,1352,5.0,2020-08-02
89,1802,1.0,2021-07-31
89,1970,4.0,2020-12-18
89,2993,0.0,2020-11-09
89,3025,80.25,2021-01-01
89,5503,225.0,2021-09-27
89,7342,52.0,2020-07-21
89,7346,80.25,2021-05-20
89,9630,336.0,2021-10-22
89,12517,52.0,2020-03-27
90,375,18.0,2021-11-25
90,434,0.5,2020-05-14
90,512,5.0,2021-03-02
90,2031,656.0,2021-01-16
90,7334,17.0,2021-05-09
91,18,23.5,2020-07-09
91,37,10.0,2021-09-13
91,73,60.0,2021-09-14
91,116,2.0,2020-11-23
91,233,2.0,2020-02-08
91,247,75.0,2020-03-24
91,427,1.0,2021-11-26
91,501,4.75,2021-06-08
91,537,100.0,2021-11-13
91,623,4.75,2020-05-16
91,673,0.5,2020-06-23
91,979,4.5,2021-07-08
91,1011,4.5,2020-10-21
91,1026,3.5,2020-04-06
91,1029,52.0,2021-09-07
91,1262,0.75,2021-10-09
91,1331,90.0,2021-07-26
91,1802,32.0,2020-04-21
91,1871,2.75,2020-05-10
91,2031,400.0,2021-08-14
91,2155,80.25,2020-07-12
91,2207,1.0,2020-04-26
91,6036,42.0,2021-10-21
91,7323,0.0,2021-04-18
91,7599,90.0,2020-06-02
91,8173,75.0,2020-03-02
91,11133,0.5,2021-06-25
91,11198,4.5,2020-03-26
91,12517,0.75,2021-11-27
91,14593,1.75,2021-07-17
92,75,90.0,2020-03-08
92,127,4.75,2020-07-04
92,247,3.0,2020-10-14
92,327,90.0,2021-08-08
92,375,22.0,2021-01-23
92,472,1.0,2021-09-16
92,512,1.0,2021-10-24
92,533,2.25,2020-10-25
92,559,60.0,2021-02-09
92,960,48.0,2020-06-02
92,1009,4.75,2021-04-04
92,1011,1.5,2020-09-07
92,1871,3.5,2020-02-14
92,1942,16.0,2021-10-08
92,6801,90.0,2020-04-04
92,7323,5.0,2021-10-30
92,25076,0.5,2021-10-28
93,21,100.0,2020-05-08
93,40,1.25,2020-03-13
93,59,2.0,2020-08-14
93,109,2.0,2021-08-03
93,116,4.5,2021-09-27
93,127,2.5,2021-09-04
93,231,60.0,2021-05-02
93,247,3.0,2020-05-18
93,358,4.75,2020-03-07
93,379,80.25,2020-03-18
93,500,10.0,2021-05-30
93,549,357.0,2020-05-24
93,623,10.0,2020-05-16
93,673,1.5,2020-12-19
93,730,1.5,2021-09-07
93,974,24.0,2020-09-04
93,979,3.0,2020-11-19
93,1009,1.75,2020-08-29
93,1026,4.25,2021-11-08
93,1029,4.25,2020-03-26
93,1262,100.0,2020-11-01
93,1331,0.75,2021-12-27
93,1802,2.25,2021-08-31
93,1942,80.25,2020-06-16
93,3025,0.75,2021-02-15
93,7342,0.0,2020-11-13
93,7344,3.75,2020-08-26
93,7346,24.0,2020-04-22
93,8173,3.75,2020-02-20
93,11156,1.5,2021-05-07
93,11198,4.25,2021-12-17
93,12517,24.0,2021-06-09
93,14593,1.0,2021-12-21
93,17000,22.5,2021-05-21
93,19565,32.0,2020-09-29
93,26758,22.0,2021-08-27
94,16,4.25,2021-03-18
94,18,37.5,2020-10-25
94,40,1.75,2020-08-18
94,43,3.0,2020-04-16
94,73,2.0,2021-10-08
94,74,185.0,2021-09-28
94,75,0.75,2020-03-10
94,109,90.0,2021-10-07
94,113,5.0,2021-03-04
94,239,37.0,2021-01-29
94,247,3.0,2020-05-06
94,343,52.0,2020-03-30
94,478,80.25,2021-07-29
94,500,1.0,2020-03-26
94,529,90.0,2021-05-11
94,733,2.25,2020-03-27
94,960,1.0,2021-09-09
94,1011,1.75,2020-08-17
94,1121,1.0,2022-01-08
94,1262,80.25,2021-06-07
94,1331,5.0,2021-05-31
94,1352,1.0,2020-07-14
94,1802,3.5,2021-01-04
94,1871,1.5,2021-08-28
94,1970,1.25,2021-04-18
94,2155,2.75,2020-06-25
94,9630,24.0,2021-04-19
94,11198,3.25,2021-03-19
94,12517,100.0,2020-05-16
95,59,1.25,2020-11-09
95,71,1.25,2021-05-30
95,73,24.0,2020-04-18
95,109,1.25,2021-10-23
95,113,24.0,2020-12-24
95,124,3.25,2021-10-09
95,231,4.5,2020-10-16
95,327,3.5,2021-04-18
95,343,4.25,2020-02-11
95,501,1.5,2020-06-21
95,529,1.25,2021-06-13
95,537,1.0,2021-12-26
95,622,100.0,2020-12-24
95,732,52.0,2020-10-14
95,866,3.25,2021-05-17
95,1011,1.75,2020-09-19
95,1262,0.25,2021-06-17
95,1266,4.0,2021-09-25
95,1372,0.5,2020-07-23
95,1871,2.5,2020-11-10
95,1887,3.0,2021-10-15
95,1970,4.5,2020-12-30
95,2031,298.0,2020-11-27
95,2155,3.0,2021-07-19
95,2993,60.0,2021-03-12
95,3025,80.25,2021-06-12
95,11133,52.0,2020-06-15
96,16,1.25,2020-07-13
96,38,3.0,2021-02-19
96,39,2.75,2020-04-18
96,43,75.0,2021-06-14
96,59,1.25,2020-01-31
96,73,4.75,2021-04-02
96,124,3.5,2021-04-22
96,230,256.0,2021-05-12
96,239,606.0,2020-09-02
96,247,80.25,2021-04-01
96,343,2.0,2021-03-16
96,478,5.0,2021-05-14
96,529,16.0,2021-02-03
96,538,1.25,2020-07-23
96,545,48.0,2020-06-12
96,622,2.0,2021-12-29
96,733,4.5,2020-06-26
96,979,0.5,2020-11-24
96,1011,3.25,2021-03-29
96,1020,10.0,2020-11-15
96,1164,75.0,2021-11-01
96,1266,2.5,2021-12-09
96,1331,0.5,2021-10-21
96,1372,0.75,2020-09-08
96,1802,4.0,2021-07-19
96,1871,1.5,2021-10-31
96,1887,3.25,2020-03-06
96,1970,0.75,2021-07-09
96,1985,80.25,2021-07-18
96,2155,3.25,2021-06-15
96,2993,3.5,2020-12-22
96,3025,4.75,2020-04-24
96,5503,11.0,2020-09-25
96,7342,32.0,2020-04-27
96,7351,5.0,2020-11-28
96,7599,1.5,2021-02-05
96,11198,48.0,2020-04-09
96,14593,10.0,2020-04-17
96,17000,27.0,2020-05-25
96,25076,80.25,2020-03-03
97,15,2.5,2020-03-24
97,21,52.0,2021-10-30
97,39,32.0,2021-09-20
97,59,2.5,2020-05-15
97,71,24.0,2021-07-23
97,73,1.0,2020-05-19
97,126,52.0,2021-02-25
97,127,5.0,2021-02-04
97,128,1.5,2020-03-30
97,230,559.0,2020-12-21
97,247,1.5,2020-03-22
97,343,24.0,2020-03-16
97,358,3.0,2021-04-25
97,375,499.0,2020-05-05
97,427,1.25,2020-03-03
97,434,100.0,2020-06-18
97,478,4.0,2021-04-20
97,500,16.0,2021-04-24
97,501,4.5,2021-11-18
97,529,4.75,2021-12-14
97,537,75.0,2021-12-25
97,538,1.25,2021-05-09
97,732,90.0,2020-10-02
97,960,0.0,2021-03-27
97,979,52.0,2020-04-26
97,1020,2.5,2021-12-29
97,1029,100.0,2020-05-03
97,1164,0.0,2021-07-31
97,1262,48.0,2020-05-18
97,1331,80.25,2020-04-18
97,1352,0.0,2020-10-03
97,1871,0.25,2021-09-14
97,1887,48.0,2021-10-01
97,1942,2.75,2021-02-22
97,1985,2.75,2021-03-16
97,3025,16.0,2020-05-13
97,7346,0.5,2020-06-21
97,7351,24.0,2020-07-05
97,8173,1.0,2021-04-12
97,11198,3.75,2020-05-25
97,12517,2.0,2021-05-31
97,14593,60.0,2020-11-03
97,17000,703.0,2021-12-05
97,26758,435.0,2021-02-03
98,16,0.0,2021-01-24
98,37,100.0,2021-04-23
98,39,1.5,2021-01-19
98,109,90.0,2021-01-11
98,113,4.0,2021-04-09
98,124,2.5,2021-03-31
98,127,5.0,2020-10-18
98,230,15.0,2021-06-30
98,427,4.25,2020-10-25
98,431,75.0,2021-01-21
98,472,48.0,2021-04-28
98,498,9.0,2021-01-14
98,500,80.25,2021-04-27
98,501,10.0,2020-04-06
98,533,52.0,2021-01-09
98,537,32.0,2021-06-01
98,538,100.0,2020-06-01
98,549,45.5,2021-10-04
98,673,0.5,2021-09-02
98,732,60.0,2020-02-04
98,960,16.0,2020-11-25
98,979,0.0,2020-03-20
98,1011,0.0,2020-11-01
98,1164,90.0,2020-05-21
98,1331,4.75,2021-01-07
98,1384,11.0,2021-06-19
98,1802,1.0,2020-08-18
98,1887,3.5,2020-10-25
98,1942,4.75,2021-12-14
98,1970,1.25,2021-12-08
98,1985,24.0,2020-02-10
98,7342,52.0,2021-03-30
98,7344,1.0,2020-06-11
98,7351,10.0,2021-11-19
98,7599,1.0,2021-11-14
98,8173,3.0,2021-08-19
98,11198,1.0,2020-08-01
99,18,639.0,2020-05-26
99,21,1.0,2021-03-11
99,38,4.5,2020-12-08
99,43,10.0,2021-03-04
99,59,1.0,2021-02-05
99,71,0.25,2022-01-02
99,72,80.25,2020-11-20
99,73,2.5,2020-11-17
99,75,0.0,2020-05-08
99,76,56.0,2021-09-12
99,113,52.0,2020-05-14
99,126,185.0,2021-04-04
99,128,1.0,2021-06-07
99,472,3.25,2021-08-02
99,500,4.75,2021-11-25
99,533,1.75,2020-06-29
99,537,16.0,2021-02-17
99,622,100.0,2020-09-27
99,732,80.25,2020-12-07
99,733,16.0,2020-11-06
99,979,1.0,2021-08-15
99,1011,16.0,2020-12-01
99,1121,4.0,2021-04-26
99,1164,4.25,2021-11-28
99,1331,24.0,2020-10-21
99,1384,458.0,2020-12-01
99,1887,2.25,2020-03-27
99,1970,1.75,2021-04-15
99,1985,4.5,2021-06-12
99,2031,53.0,2021-05-22
99,2155,90.0,2021-12-13
99,5503,269.0,2021-12-20
99,7342,2.5,2021-06-29
99,7351,24.0,2020-02-27
99,17000,339.0,2021-02-22
100,38,3.75,2020-06-04
100,40,3.0,2021-03-26
100,71,0.0,2021-03-25
100,72,32.0,2020-09-21
100,73,2.25,2020-07-17
100,74,164.0,2020-08-25
100,113,2.0,2021-06-01
100,128,32.0,2021-10-18
100,233,60.0,2021-02-18
100,427,2.75,2020-05-02
100,478,3.0,2021-01-20
100,529,48.0,2021-01-20
100,545,0.0,2021-07-26
100,549,26.0,2021-03-17
100,551,1.25,2021-03-09
100,673,2.75,2020-04-12
100,960,3.75,2020-02-24
100,1011,60.0,2020-09-03
100,1266,1.5,2020-03-13
100,1331,3.5,2021-07-23
100,1871,5.0,2021-03-29
100,1942,0.75,2020-07-15
100,1970,0.5,2021-03-31
100,2993,75.0,2021-04-10
100,7342,0.0,2022-01-08
100,8173,2.0,2020-07-09
100,9630,11.0,2021-05-13
100,11133,1.0,2021-08-04
100,12517,3.5,2020-12-10
100,14593,1.0,2021-11-09
100,25076,10.0,2021-01-26
101,38,16.0,2021-03-09
101,39,10.0,2021-04-27
101,40,1.5,2020-02-04
101,43,4.5,2020-11-27
101,71,0.5,2020-05-17
101,116,1.0,2020-06-21
101,427,2.25,2021-07-10
101,472,0.5,2020-04-30
101,478,2.0,2021-01-21
101,537,0.0,2020-05-05
101,673,0.75,2020-02-16
101,730,0.75,2020-12-28
101,732,2.25,2020-03-20
101,733,1.75,2020-07-06
101,960,4.5,2020-06-13
101,974,100.0,2021-03-11
101,1011,4.25,2020-02-03
101,1029,0.5,2020-08-15
101,1262,0.0,2021-06-10
101,1266,3.25,2020-11-23
101,1331,32.0,2021-05-14
101,1372,4.5,2021-07-20
101,1802,2.5,2020-05-22
101,1871,100.0,2020-12-03
101,1887,1.0,2021-12-24
101,1942,4.25,2020-09-13
101,3025,52.0,2020-11-03
101,7342,52.0,2020-08-17
101,7344,1.0,2020-09-22
101,7346,10.0,2021-04-19
101,7599,80.25,2020-03-22
101,9730,153.0,2021-02-03
101,12517,4.5,2020-10-17
101,14593,48.0,2021-06-25
102,16,1.25,2020-10-04
102,21,0.0,2020-10-07
102,40,2.5,2021-08-04
102,59,4.25,2021-10-18
102,72,1.25,2021-04-08
102,74,40.0,2021-03-22
102,75,1.75,2020-03-05
102,113,75.0,2021-04-12
102,116,48.0,2022-01-04
102,121,1.25,2021-11-21
102,233,1.5,2021-05-14
102,343,100.0,2021-01-18
102,427,0.75,2020-04-25
102,529,52.0,2021-07-08
102,673,60.0,2020-11-21
102,732,1.25,2020-09-23
102,974,1.5,2021-08-16
102,1009,100.0,2020-05-08
102,1026,32.0,2021-12-23
102,1029,4.25,2021-10-20
102,1068,334.0,2021-06-15
102,1262,1.0,2020-03-10
102,1331,80.25,2020-04-23
102,1372,4.25,2021-09-02
102,1802,24.0,2021-08-21
102,1871,3.0,2021-04-13
102,1942,0.5,2021-05-04
102,1970,4.5,2020-10-16
102,2031,447.0,2021-02-01
102,2993,1.25,2021-11-30
102,3025,90.0,2020-11-18
102,7334,153.0,2021-10-08
102,7342,24.0,2021-07-25
102,7344,2.5,2021-08-29
102,7346,52.0,2021-09-26
102,8173,2.5,2021-05-20
102,11156,4.75,2021-08-08
102,11198,1.5,2020-07-13
102,12517,5.0,2021-07-17
102,14593,3.75,2021-12-28
102,19565,1.25,2020-11-13
102,26758,280.0,2021-08-25
103,16,3.75,2020-12-26
103,71,4.25,2020-06-19
103,75,90.0,2020-03-07
103,109,90.0,2021-11-15
103,231,52.0,2021-11-04
103,233,2.5,2020-05-27
103,472,60.0,2020-04-24
103,501,75.0,2020-08-14
103,545,24.0,2021-11-03
103,565,100.0,2021-04-24
103,623,1.25,2021-09-08
103,730,5.0,2021-11-04
103,733,0.0,2021-11-13
103,979,4.25,2020-09-01
103,1262,4.25,2021-05-23
103,1802,0.0,2021-03-24
103,1887,1.25,2020-12-28
103,1942,3.5,2020-10-17
103,1970,24.0,2021-09-26
103,2207,2.25,2020-12-16
103,6801,0.25,2021-05-17
103,7334,403.0,2021-05-02
103,7342,2.25,2020-02-10
103,7599,10.0,2021-02-09
104,16,2.5,2022-01-03
104,20,630.0,2020-05-16
104,113,0.0,2020-03-28
104,116,24.0,2021-10-29
104,126,554.0,2020-10-06
104,132,2.25,2020-06-10
104,231,1.0,2020-11-19
104,358,1.5,2020-09-21
104,427,32.0,2020-04-28
104,478,2.75,2020-08-11
104,498,193.0,2021-03-25
104,537,3.0,2021-02-18
104,673,52.0,2020-07-20
104,1026,1.75,2021-12-03
104,1029,0.0,2020-04-02
104,1262,3.5,2021-02-22
104,1331,3.75,2021-12-05
104,1802,0.25,2021-02-07
104,1871,24.0,2021-09-21
104,1942,0.25,2021-06-22
104,7342,1.5,2020-07-11
104,7346,4.75,2021-01-01
104,7351,1.5,2021-04-23
104,8173,4.75,2021-08-03
104,11198,2.75,2020-02-01
104,12517,1.0,2021-07-30
104,14593,1.0,2021-10-14
105,16,3.5,2020-06-20
105,21,1.0,2020-05-15
105,43,0.0,2021-03-27
105,59,4.0,2021-02-22
105,72,0.0,2020-07-15
105,75,1.5,2020-05-07
105,116,52.0,2020-06-16
105,472,3.0,2021-02-15
105,498,45.5,2021-11-16
105,533,5.0,2021-07-03
105,559,100.0,2020-09-23
105,731,421.0,2021-09-13
105,1011,0.5,2021-05-15
105,1029,0.0,2020-05-11
105,1074,512.0,2021-10-07
105,1121,2.0,2020-10-25
105,1262,4.5,2020-05-27
105,1266,52.0,2020-10-09
105,1331,1.75,2020-02-09
105,1887,4.25,2020-09-09
105,2993,80.25,2021-12-03
105,7342,5.0,2021-01-28
105,7344,32.0,2020-12-04
105,7599,3.5,2020-03-26
105,11156,80.25,2021-03-26
105,19565,1.25,2020-12-09
105,25076,24.0,2021-02-18
106,15,3.0,2020-06-11
106,72,1.5,2021-06-24
106,74,471.0,2021-09-25
106,116,4.25,2020-03-29
106,233,52.0,2020-09-26
106,247,48.0,2021-10-06
106,375,19.0,2021-08-13
106,427,0.75,2021-02-26
106,478,3.25,2021-02-16
106,493,385.0,2020-07-17
106,537,0.5,2020-06-29
106,559,48.0,2020-09-17
106,673,32.0,2021-10-20
106,733,0.25,2020-08-16
106,974,16.0,2020-07-24
106,1029,75.0,2021-01-15
106,1164,3.0,2020-10-30
106,1262,3.0,2020-07-21
106,1266,0.0,2020-10-04
106,1352,1.0,2021-05-19
106,1384,435.0,2021-07-29
106,1942,32.0,2020-10-29
106,7342,4.0,2021-05-15
106,7344,0.0,2020-04-21
106,7599,48.0,2021-08-18
106,8173,1.75,2021-08-19
106,11198,52.0,2021-04-23
106,14593,1.5,2021-08-14
107,18,102.0,2020-10-06
107,38,0.5,2021-02-22
107,71,2.25,2020-03-15
107,72,16.0,2020-03-17
107,73,2.75,2020-12-11
107,74,585.0,2020-06-11
107,75,3.25,2020-04-19
107,116,90.0,2021-04-06
107,124,1.0,2020-12-20
107,247,2.25,2021-09-27
107,358,4.5,2021-05-13
107,427,10.0,2021-12-11
107,512,24.0,2020-02-19
107,545,2.25,2021-04-05
107,565,10.0,2021-10-18
107,673,3.0,2021-07-02
107,731,223.0,2021-09-24
107,732,75.0,2020-07-24
107,1011,0.75,2020-10-09
107,1026,52.0,2021-02-10
107,1029,1.75,2021-06-06
107,1068,619.0,2021-07-05
107,1070,562.0,2021-02-11
107,1121,48.0,2020-10-09
107,1262,0.75,2021-05-14
107,1331,24.0,2020-07-17
107,1384,60.0,2021-12-17
107,1802,2.75,2021-12-26
107,1871,2.5,2020-04-03
107,1942,0.5,2021-09-29
107,2207,0.0,2021-08-13
107,3025,24.0,2021-08-19
107,7344,52.0,2020-05-16
107,7346,4.5,2021-03-20
107,8173,0.75,2021-03-26
107,11198,75.0,2020-10-23
107,12517,16.0,2021-08-27
107,17000,635.0,2021-04-26
108,15,1.0,2020-06-26
108,16,0.25,2021-09-12
108,20,622.0,2020-11-28
108,40,3.25,2021-06-17
108,43,10.0,2021-08-18
108,109,2.75,2020-10-17
108,113,2.25,2020-12-31
108,121,3.5,2021-04-30
108,233,52.0,2020-09-01
108,239,340.0,2021-11-11
108,247,100.0,2021-11-10
108,434,1.75,2020-09-30
108,478,4.5,2020-04-01
108,529,60.0,2021-07-28
108,538,2.5,2020-08-14
108,551,80.25,2020-09-24
108,623,3.75,2021-12-06
108,960,5.0,2021-12-15
108,1011,80.25,2021-04-19
108,1266,1.0,2020-02-23
108,1331,52.0,2021-04-29
108,1372,1.25,2021-06-03
108,1871,2.0,2020-04-02
108,1887,0.0,2021-08-20
108,1942,75.0,2020-07-19
108,1970,16.0,2021-07-20
108,3025,1.0,2020-02-20
108,7331,3.25,2021-11-10
108,7342,48.0,2020-09-24
108,7599,10.0,2020-08-10
108,8173,4.25,2020-04-26
108,11156,1.5,2021-03-15
108,19565,10.0,2020-08-29
108,25076,4.75,2021-01-04
109,43,4.75,2021-04-20
109,71,3.5,2020-04-28
109,72,32.0,2020-10-02
109,76,477.0,2020-09-30
109,109,48.0,2021-09-01
109,116,90.0,2020-10-05
109,124,10.0,2020-04-15
109,128,10.0,2022-01-01
109,478,4.5,2020-02-12
109,537,2.75,2022-01-05
109,538,1.0,2020-09-10
109,730,16.0,2020-11-21
109,960,3.5,2020-09-02
109,979,2.75,2020-02-13
109,1020,1.5,2021-08-04
109,1384,34.0,2021-02-17
109,1887,60.0,2021-09-20
109,7342,80.25,2021-05-16
109,25076,0.0,2020-05-01
110,15,16.0,2020-10-01
110,16,5.0,2021-10-10
110,37,1.75,2021-05-18
110,39,4.0,2020-05-22
110,40,3.75,2020-10-26
110,43,4.5,2020-02-12
110,73,3.0,2020-09-03
110,230,570.0,2021-08-15
110,231,5.0,2021-04-19
110,247,48.0,2021-09-15
110,375,672.0,2020-07-21
110,493,463.0,2021-03-18
110,500,60.0,2021-08-17
110,501,32.0,2021-05-16
110,529,0.75,2021-02-12
110,533,32.0,2021-11-14
110,549,363.0,2021-04-28
110,622,1.75,2021-09-18
110,623,16.0,2020-07-19
110,1020,1.0,2020-10-26
110,1331,2.25,2021-03-28
110,1887,16.0,2020-11-22
110,7599,80.25,2021-06-29
110,9630,327.0,2020-05-12
110,9730,48.0,2021-11-29
111,16,1.75,2020-07-13
111,37,3.0,2021-08-01
111,39,75.0,2021-04-19
111,40,16.0,2020-03-09
111,75,100.0,2021-07-05
111,116,0.25,2021-01-07
111,127,24.0,2021-12-11
111,233,0.25,2020-11-11
111,343,48.0,2020-07-29
111,427,4.5,2020-05-27
111,501,5.0,2021-03-12
111,545,4.25,2021-10-09
111,622,4.0,2021-06-25
111,673,75.0,2021-06-06
111,730,52.0,2020-02-11
111,733,0.0,2021-05-28
111,974,0.0,2020-11-07
111,1011,3.5,2020-07-08
111,1070,13.5,2020-12-02
111,1262,0.0,2020-10-09
111,1266,3.5,2020-02-09
111,1331,90.0,2021-01-02
111,1352,60.0,2021-11-27
111,1384,22.0,2021-07-07
111,1970,24.0,2021-03-31
111,2993,5.0,2020-08-26
111,6036,519.0,2021-09-28
111,7323,16.0,2021-08-25
111,7351,24.0,2020-07-10
111,7599,1.0,2021-10-18
111,8173,4.5,2020-12-16
111,11208,34.5,2020-07-06
111,12517,2.0,2021-10-03
111,14593,0.75,2020-02-21
111,25076,16.0,2020-03-29
112,15,32.0,2020-08-17
112,37,1.75,2021-10-27
112,43,100.0,2021-01-25
112,59,0.25,2021-01-16
112,71,0.0,2021-08-15
112,72,2.5,2021-09-02
112,75,4.75,2020-03-11
112,76,276.0,2021-09-17
112,231,0.5,2021-09-03
112,233,10.0,2020-06-20
112,247,2.75,2021-02-24
112,358,0.0,2020-12-31
112,427,90.0,2021-04-20
112,472,1.75,2020-05-26
112,478,1.25,2021-11-06
112,498,619.0,2020-09-20
112,537,3.0,2020-08-12
112,732,32.0,2021-04-30
112,979,16.0,2021-07-18
112,1020,4.75,2021-09-26
112,1029,1.25,2020-11-14
112,1068,511.0,2021-11-07
112,1262,1.75,2020-03-09
112,1331,1.0,2021-03-21
112,1802,24.0,2020-05-30
112,1871,3.0,2020-09-04
112,1942,3.25,2021-02-23
112,1970,90.0,2021-12-28
112,2993,3.25,2021-06-16
112,6801,0.0,2020-07-11
112,7323,4.75,2020-06-10
112,7342,24.0,2020-02-03
112,7344,3.75,2021-01-25
112,8173,32.0,2020-10-28
112,9630,574.0,2021-10-24
112,11198,80.25,2020-09-21
112,11208,449.0,2020-11-08
112,12517,2.0,2020-10-17
112,14593,3.5,2021-01-25
112,25076,2.25,2020-08-17
113,21,24.0,2020-07-21
113,38,90.0,2021-11-13
113,71,4.75,2020-03-26
113,72,1.75,2020-07-13
113,75,5.0,2020-11-18
113,121,4.25,2021-01-22
113,126,12.0,2020-07-25
113,132,3.75,2021-06-18
113,233,16.0,2021-11-18
113,247,90.0,2020-09-29
113,343,100.0,2020-10-26
113,478,0.25,2021-03-10
113,501,2.5,2021-03-26
113,529,2.0,2020-02-23
113,537,0.0,2021-12-23
113,538,1.5,2021-10-18
113,623,90.0,2020-05-12
113,733,4.0,2021-07-17
113,1011,0.5,2020-04-15
113,1942,16.0,2021-10-29
113,1970,16.0,2022-01-04
113,1985,4.75,2021-01-27
113,7323,1.0,2021-01-02
113,7344,16.0,2020-12-29
113,8173,3.75,2020-05-21
113,11133,80.25,2020-09-12
113,11156,24.0,2021-05-29
114,231,4.75,2021-11-04
114,239,26.5,2021-05-07
114,472,48.0,2020-08-02
114,14593,75.0,2021-04-07
115,21,1.5,2021-04-08
115,38,1.75,2020-08-17
115,40,4.0,2021-10-15
115,73,2.75,2020-11-13
115,116,48.0,2021-07-06
115,126,364.0,2021-04-20
115,233,1.25,2020-04-04
115,327,1.0,2020-08-04
115,358,5.0,2021-03-03
115,427,0.25,2021-04-25
115,472,2.5,2020-11-04
115,478,2.5,2021-10-23
115,673,4.75,2020-09-24
115,733,1.0,2020-04-13
115,960,100.0,2020-06-27
115,974,2.5,2021-10-03
115,1020,1.75,2020-03-23
115,1026,5.0,2020-07-15
115,1029,90.0,2020-03-08
115,1262,1.25,2020-12-07
115,1266,100.0,2020-04-21
115,1331,1.25,2020-04-19
115,1384,459.0,2021-09-15
115,1802,1.0,2020-12-22
115,1871,1.5,2021-03-09
115,1942,0.0,2021-02-17
115,1970,2.25,2021-04-01
115,1985,5.0,2020-12-31
115,7323,1.5,2020-04-30
115,7344,3.25,2020-07-30
115,7346,2.75,2021-07-31
115,7351,16.0,2020-07-07
115,8173,48.0,2021-02-21
115,11198,4.5,2021-08-10
115,11208,549.0,2021-04-27
115,12517,10.0,2021-12-29
115,14593,60.0,2022-01-05
116,15,52.0,2021-05-11
116,16,4.5,2020-03-02
116,20,146.0,2021-11-01
116,21,4.75,2020-08-20
116,40,0.25,2021-02-16
116,76,29.0,2021-10-04
116,113,4.0,2020-10-03
116,231,3.0,2021-05-08
116,427,3.25,2021-09-01
116,434,4.0,2020-07-23
116,529,3.75,2021-03-10
116,559,10.0,2020-10-15
116,731,267.0,2021-04-02
116,979,75.0,2020-08-29
116,1070,143.0,2020-11-29
116,1262,60.0,2020-02-10
116,1266,3.0,2020-03-20
116,1331,1.25,2020-02-13
116,1372,2.25,2021-11-08
116,1802,3.25,2020-07-26
116,1871,1.25,2020-02-24
116,1887,4.75,2020-03-12
116,1942,2.75,2020-03-04
116,1985,1.0,2021-05-25
116,2993,4.25,2021-07-06
116,7331,1.75,2021-03-29
116,7342,4.75,2021-03-27
116,7344,4.25,2020-05-12
116,8173,2.0,2021-11-01
116,9730,658.0,2021-07-24
116,19560,0.75,2021-08-18
116,19565,48.0,2021-06-28
116,25076,0.75,2020-03-09
117,15,52.0,2020-04-30
117,21,90.0,2020-10-03
117,37,2.0,2020-11-05
117,73,48.0,2020-09-28
117,75,4.75,2020-09-23
117,109,1.0,2021-09-03
117,116,0.25,2021-03-11
117,126,1.0,2020-07-06
117,247,3.0,2021-02-23
117,327,1.0,2021-05-27
117,343,4.0,2020-03-09
117,358,3.75,2021-07-27
117,427,32.0,2021-05-21
117,537,100.0,2021-10-30
117,545,10.0,2021-07-31
117,565,0.0,2021-08-10
117,673,4.75,2020-07-24
117,732,60.0,2021-09-18
117,733,4.0,2020-07-02
117,974,2.5,2020-12-16
117,1020,3.5,2021-07-10
117,1026,4.0,2021-10-25
117,1029,2.25,2020-07-21
117,1262,24.0,2020-12-12
117,1266,90.0,2021-10-13
117,1331,2.75,2021-07-08
117,1352,0.0,2021-02-02
117,1802,2.5,2021-04-19
117,1871,0.5,2021-09-22
117,1887,32.0,2020-09-03
117,1942,60.0,2020-04-23
117,2155,80.25,2021-12-11
117,2993,48.0,2021-08-13
117,7342,3.0,2021-11-01
117,7344,1.0,2020-05-28
117,7346,0.75,2021-03-12
117,8173,0.0,2020-09-14
117,11198,0.5,2020-05-02
117,14593,0.0,2021-08-17
118,18,446.0,2021-07-12
118,40,3.25,2021-09-03
118,72,0.5,2021-03-18
118,239,39.5,2020-06-16
118,498,35.0,2021-01-11
118,533,1.75,2020-08-02
118,538,100.0,2020-06-08
118,559,1.5,2021-05-03
118,623,0.75,2020-05-01
118,730,4.75,2021-02-12
118,732,75.0,2020-07-31
118,974,4.25,2021-01-30
118,1011,5.0,2021-02-16
118,1029,2.5,2020-11-11
118,1074,31.5,2021-10-18
118,1871,3.5,2020-03-24
118,7323,1.5,2021-11-02
118,11208,35.5,2020-10-29
118,12517,1.75,2021-05-29
118,19560,1.0,2020-11-01
119,20,34.0,2021-12-07
119,43,16.0,2021-04-25
119,327,0.0,2020-02-29
119,537,2.25,2020-08-17
119,549,10.5,2021-11-02
119,673,1.75,2021-07-09
119,1011,1.5,2020-03-10
119,1331,2.75,2021-10-27
119,1970,0.75,2021-11-30
119,2031,61.0,2021-06-29
119,6036,43.5,2021-08-05
119,12517,2.5,2020-12-02
120,16,32.0,2021-08-17
120,21,1.5,2021-04-05
120,59,75.0,2021-09-27
120,73,1.75,2020-12-29
120,124,60.0,2021-10-14
120,379,0.75,2020-10-02
120,434,1.5,2020-04-23
120,478,4.75,2021-03-29
120,493,188.0,2021-08-11
120,529,1.25,2020-08-08
120,537,0.0,2021-03-08
120,622,3.25,2020-06-28
120,623,4.75,2022-01-08
120,730,3.25,2020-04-29
120,731,6.0,2021-02-07
120,733,3.5,2021-07-13
120,979,52.0,2021-05-10
120,1020,0.75,2020-09-03
120,1029,16.0,2020-03-03
120,1121,0.0,2021-06-29
120,1262,16.0,2021-01-02
120,1266,4.25,2021-10-01
120,1871,2.0,2021-12-09
120,1887,52.0,2020-07-21
120,1942,75.0,2020-09-29
120,2031,98.0,2021-12-12
120,2155,32.0,2020-11-21
120,6036,520.0,2020-08-26
120,7342,32.0,2021-08-31
120,7344,2.25,2020-02-07
120,11133,3.5,2021-10-02
120,14593,4.75,2020-11-28
120,25076,4.0,2021-10-18
120,26758,33.5,2021-09-03
121,15,4.0,2021-09-03
121,16,2.5,2021-04-03
121,21,0.0,2021-05-08
121,37,48.0,2020-07-24
121,38,2.5,2021-04-08
121,43,48.0,2020-03-14
121,75,3.0,2020-06-07
121,76,9.5,2021-04-18
121,109,4.25,2020-08-01
121,113,90.0,2020-09-10
121,116,1.25,2020-03-07
121,121,4.0,2021-03-29
121,127,2.25,2020-05-18
121,128,5.0,2020-10-03
121,132,0.0,2020-08-26
121,230,42.5,2020-08-06
121,231,3.75,2021-08-19
121,247,48.0,2020-12-15
121,493,24.0,2021-07-07
121,500,2.25,2021-01-10
121,501,0.5,2021-05-18
121,529,16.0,2021-05-18
121,533,90.0,2021-12-24
121,622,2.5,2021-10-06
121,673,52.0,2021-09-10
121,730,3.25,2020-10-20
121,960,2.75,2020-08-29
121,979,1.0,2022-01-08
121,1020,48.0,2020-08-26
121,1074,18.5,2021-11-13
121,1262,5.0,2020-02-28
121,1266,1.75,2021-07-21
121,1372,3.75,2020-08-18
121,1871,4.0,2021-09-27
121,1887,60.0,2022-01-09
121,1942,0.0,2021-01-06
121,1985,10.0,2020-12-11
121,6801,4.0,2021-04-04
121,7323,100.0,2021-05-18
121,7342,0.0,2021-11-09
121,7344,5.0,2020-11-08
121,7351,32.0,2020-04-06
121,7599,2.0,2020-09-24
121,8173,4.0,2020-05-24
121,14593,24.0,2021-07-25
121,25076,4.25,2020-07-17
122,116,4.75,2021-08-14
122,358,5.0,2020-10-14
122,529,16.0,2021-04-09
122,549,387.0,2021-04-17
122,733,1.5,2020-10-10
122,1070,609.0,2020-07-22
122,1266,4.5,2021-05-18
122,1331,52.0,2020-11-07
122,1871,16.0,2020-08-17
122,3025,32.0,2020-09-02
122,7342,1.25,2021-04-08
122,7346,52.0,2021-09-28
122,9630,233.0,2020-12-10
122,11198,1.75,2021-12-23
122,11208,3.0,2020-09-12
123,72,16.0,2021-10-10
123,73,5.0,2020-08-09
123,76,28.5,2021-12-22
123,113,4.5,2021-11-15
123,434,48.0,2020-11-23
123,493,42.0,2020-06-12
123,498,0.5,2020-12-27
123,500,52.0,2021-07-06
123,512,3.5,2020-03-10
123,529,24.0,2021-10-08
123,533,4.0,2020-06-05
123,537,16.0,2020-11-22
123,559,1.5,2021-05-24
123,623,0.5,2021-02-23
123,730,2.25,2021-09-17
123,1068,406.0,2020-09-20
123,1121,1.5,2021-10-23
123,1262,100.0,2020-06-24
123,1331,75.0,2020-06-19
123,1970,90.0,2020-04-07
123,2031,157.0,2020-05-18
123,7344,24.0,2020-06-10
123,8173,1.25,2021-09-29
123,11208,41.0,2020-07-07
124,21,4.0,2021-09-25
124,37,100.0,2021-04-13
124,113,1.0,2020-12-29
124,116,1.0,2021-04-22
124,128,1.0,2020-04-06
124,247,24.0,2020-04-01
124,327,5.0,2021-06-06
124,358,80.25,2020-07-20
124,427,1.0,2020-12-16
124,431,75.0,2021-10-25
124,472,1.25,2021-02-19
124,478,32.0,2021-11-22
124,501,4.5,2021-04-21
124,537,24.0,2020-05-12
124,538,90.0,2020-08-16
124,559,1.0,2020-02-12
124,623,24.0,2020-07-10
124,673,4.5,2021-06-20
124,731,22.5,2020-12-19
124,960,3.0,2020-07-31
124,974,3.0,2021-11-08
124,1011,10.0,2021-09-15
124,1020,10.0,2022-01-01
124,1029,0.5,2021-04-18
124,1262,60.0,2021-05-20
124,1331,52.0,2021-11-01
124,1802,75.0,2020-05-11
124,1871,3.25,2020-04-19
124,1942,3.75,2021-11-29
124,2031,563.0,2021-04-13
124,2155,1.25,2021-06-17
124,2993,0.75,2020-07-29
124,7323,0.0,2020-09-17
124,7334,465.0,2021-11-30
124,7342,100.0,2021-02-04
124,7344,2.25,2021-12-03
124,7346,2.5,2020-06-11
124,7351,2.25,2020-04-16
124,11133,4.0,2020-05-27
124,11198,1.25,2021-04-01
124,14593,0.25,2021-08-07
124,25076,3.25,2020-11-05
125,15,0.5,2021-04-02
125,18,534.0,2020-07-10
125,74,188.0,2020-11-25
125,75,3.75,2021-04-24
125,113,1.0,2021-08-22
125,116,1.75,2020-03-10
125,126,13.5,2021-08-16
125,358,3.0,2021-02-08
125,427,90.0,2021-07-18
125,501,90.0,2021-12-28
125,545,2.25,2020-03-29
125,559,5.0,2020-05-12
125,673,2.5,2021-01-28
125,733,48.0,2021-01-25
125,960,0.0,2021-06-13
125,974,48.0,2021-05-19
125,1011,0.0,2021-06-24
125,1026,32.0,2021-07-24
125,1029,0.25,2021-07-07
125,1070,125.0,2020-05-26
125,1331,2.25,2020-08-05
125,1352,2.5,2020-02-28
125,1871,1.0,2021-12-26
125,1887,1.25,2021-12-02
125,1942,1.75,2022-01-07
125,1970,0.0,2020-06-09
125,2031,99.0,2021-06-28
125,2993,3.75,2020-04-02
125,5503,222.0,2020-10-01
125,7323,4.75,2020-03-16
125,7334,503.0,2021-12-07
125,7342,0.25,2021-10-09
125,7344,2.0,2020-02-01
125,7346,0.0,2020-02-04
125,8173,10.0,2021-02-16
125,9730,379.0,2021-02-20
125,11198,24.0,2021-02-14
125,12517,1.75,2020-01-31
125,14593,60.0,2021-09-27
125,25076,1.0,2021-09-14
125,26758,61.0,2021-07-19
126,37,1.25,2020-10-09
126,40,16.0,2021-10-05
126,59,0.75,2021-03-27
126,71,4.0,2021-06-22
126,109,4.0,2020-10-11
126,127,80.25,2021-02-24
126,128,2.75,2021-09-14
126,247,4.75,2021-10-02
126,358,2.75,2020-02-13
126,434,75.0,2021-11-08
126,478,3.5,2020-12-19
126,501,16.0,2022-01-01
126,529,1.75,2020-05-28
126,533,2.0,2021-05-17
126,559,75.0,2020-07-08
126,673,2.25,2021-11-17
126,732,3.5,2020-02-07
126,960,2.75,2021-12-06
126,1020,1.75,2021-10-17
126,1029,1.0,2021-12-11
126,1074,84.0,2020-12-08
126,1352,3.0,2020-05-14
126,1372,3.75,2021-11-09
126,1802,90.0,2020-11-23
126,1942,0.0,2021-08-30
126,2031,379.0,2021-10-10
126,2993,4.0,2021-06-21
126,5503,22.0,2020-05-27
126,6801,3.25,2020-07-20
126,7323,2.0,2020-12-07
126,7342,5.0,2020-10-16
126,7344,2.25,2020-08-17
126,8173,52.0,2020-10-03
126,14593,1.0,2020-02-19
127,21,2.5,2020-03-10
127,37,100.0,2020-02-26
127,38,4.75,2020-12-11
127,40,90.0,2020-09-24
127,59,2.5,2020-08-01
127,72,1.75,2021-11-22
127,109,3.25,2022-01-01
127,116,48.0,2020-10-05
127,121,90.0,2020-11-12
127,132,3.0,2020-12-03
127,247,2.25,2020-05-11
127,343,1.0,2020-09-04
127,358,3.5,2021-08-06
127,498,392.0,2020-06-11
127,500,4.0,2021-07-29
127,501,1.75,2021-06-20
127,529,0.0,2021-12-14
127,533,1.0,2021-10-19
127,537,1.0,2021-03-26
127,538,16.0,2021-06-24
127,622,1.0,2020-05-16
127,866,4.25,2021-07-27
127,1020,100.0,2021-12-16
127,1121,3.25,2021-01-01
127,1262,2.0,2021-06-10
127,1372,48.0,2020-05-13
127,1802,90.0,2020-11-04
127,1942,1.75,2020-11-01
127,2155,32.0,2020-03-19
127,7342,2.75,2020-12-17
127,7344,100.0,2020-09-09
127,11198,100.0,2021-01-21
127,12517,1.0,2020-06-03
127,14593,3.0,2020-02-13
127,26758,195.0,2020-05-04
128,16,2.0,2021-03-16
128,37,1.25,2021-06-30
128,121,1.5,2020-04-26
128,132,52.0,2021-07-04
128,231,60.0,2020-12-10
128,501,1.0,2020-02-18
128,529,3.5,2020-06-24
128,960,4.5,2020-03-05
128,979,2.0,2020-03-23
128,1020,48.0,2022-01-07
128,1121,0.25,2021-03-06
128,1164,32.0,2020-12-17
128,1262,4.5,2021-05-03
128,1887,1.0,2021-03-01
128,2155,1.75,2021-06-07
128,7334,429.0,2020-07-18
128,9730,28.0,2021-10-04
128,11208,46.5,2020-05-09
128,12517,1.25,2020-03-19
128,14593,32.0,2021-07-19
129,18,4.0,2021-11-01
129,20,39.5,2021-10-24
129,37,1.75,2021-12-19
129,39,1.25,2021-08-31
129,40,0.25,2021-06-29
129,73,3.5,2021-08-12
129,75,5.0,2020-10-10
129,76,36.5,2021-12-12
129,109,48.0,2020-08-29
129,116,24.0,2020-04-05
129,230,39.5,2021-09-06
129,231,2.25,2021-12-05
129,233,24.0,2022-01-08
129,239,43.5,2020-08-15
129,358,5.0,2020-07-27
129,375,7.0,2020-11-07
129,427,16.0,2021-04-21
129,472,80.25,2020-07-03
129,478,32.0,2020-02-21
129,498,43.0,2021-07-05
129,500,1.0,2021-12-31
129,512,2.25,2020-08-31
129,533,4.5,2021-07-06
129,549,19.0,2021-10-07
129,731,36.0,2020-06-18
129,733,3.25,2021-08-31
129,960,75.0,2020-09-26
129,979,4.75,2021-07-25
129,1011,10.0,2020-02-21
129,1026,2.0,2020-11-09
129,1068,495.0,2020-06-11
129,1074,47.0,2020-10-11
129,1121,4.75,2021-07-07
129,1266,2.25,2020-04-25
129,1331,4.75,2021-05-19
129,1871,75.0,2020-06-19
129,1887,1.5,2021-10-13
129,1942,1.0,2021-09-06
129,2031,436.0,2021-03-15
129,2155,1.75,2021-11-18
129,3025,32.0,2020-05-09
129,5503,3.5,2020-11-17
129,7334,36.5,2021-03-11
129,7344,1.5,2021-08-13
129,7346,1.75,2021-09-05
129,7351,2.25,2020-09-03
129,8173,32.0,2020-12-15
129,9730,27.5,2021-06-27
129,11133,4.25,2020-02-15
129,11156,0.0,2021-12-14
129,11198,4.5,2021-10-07
129,11208,41.0,2021-07-20
129,12517,2.25,2021-08-13
129,25076,0.75,2020-06-19
129,26758,12.0,2021-07-07
130,38,52.0,2021-11-03
130,39,0.25,2021-09-05
130,71,100.0,2020-04-06
130,73,4.5,2020-12-28
130,75,4.0,2020-02-03
130,126,13.0,2020-07-02
130,233,1.25,2020-06-27
130,239,40.0,2020-07-21
130,434,90.0,2020-02-17
130,500,52.0,2020-12-09
130,529,2.25,2021-10-28
130,537,3.25,2021-05-10
130,559,3.25,2020-03-20
130,960,24.0,2020-11-02
130,1020,48.0,2020-12-03
130,1164,3.5,2020-05-27
130,1262,80.25,2021-05-01
130,1331,1.75,2020-06-27
130,1372,80.25,2020-05-24
130,1871,3.25,2020-12-30
130,1887,5.0,2021-05-20
130,1942,100.0,2022-01-04
130,1970,3.0,2021-10-28
130,2031,201.0,2020-08-21
130,7344,80.25,2020-10-03
130,9730,28.0,2020-10-08
130,11133,52.0,2021-11-18
130,11198,3.5,2020-08-11
130,26758,15.0,2020-10-09
131,16,5.0,2020-08-12
131,21,2.75,2021-01-28
131,37,16.0,2020-10-15
131,74,11.0,2021-12-08
131,121,32.0,2021-12-15
131,127,0.0,2020-04-10
131,231,16.0,2021-11-23
131,233,4.0,2021-05-15
131,358,2.25,2021-08-04
131,375,41.5,2021-10-17
131,427,0.0,2021-04-08
131,500,75.0,2021-09-21
131,512,48.0,2020-12-11
131,533,60.0,2021-06-04
131,551,3.0,2021-07-03
131,559,52.0,2021-03-15
131,731,8.5,2021-02-12
131,1068,722.0,2021-06-24
131,1262,60.0,2021-01-09
131,1802,1.25,2021-11-07
131,1871,52.0,2021-03-18
131,1942,5.0,2020-05-30
131,1970,48.0,2020-07-12
131,2031,590.0,2021-09-19
131,2155,3.75,2021-08-29
131,7342,75.0,2021-12-21
131,7599,1.25,2020-11-08
132,124,4.0,2020-04-11
132,231,3.5,2020-08-15
132,239,25.5,2021-03-02
132,500,1.0,2020-06-05
132,501,0.75,2022-01-08
132,622,2.5,2020-03-21
132,733,4.75,2021-07-26
132,866,80.25,2021-11-09
132,960,1.5,2020-11-12
132,979,0.5,2020-05-28
132,1121,3.25,2021-09-12
132,1802,4.0,2021-12-08
132,1887,2.5,2021-11-10
132,1970,16.0,2020-07-28
132,2031,716.0,2021-11-04
132,2155,4.5,2021-07-17
132,7331,3.25,2020-11-11
132,11156,1.75,2021-03-02
132,11198,3.0,2021-10-14
132,12517,2.0,2020-08-11
132,14593,2.25,2020-12-22
133,37,5.0,2021-09-27
133,40,3.25,2020-06-19
133,72,2.75,2021-10-10
133,116,2.25,2020-09-30
133,121,1.75,2021-08-19
133,230,263.0,2021-09-29
133,233,48.0,2021-08-30
133,358,1.5,2021-08-15
133,427,1.0,2020-12-20
133,472,3.25,2021-11-10
133,493,3.5,2020-11-09
133,529,10.0,2020-03-26
133,537,2.0,2021-01-23
133,623,0.0,2020-11-14
133,733,2.0,2020-08-20
133,960,4.0,2020-10-22
133,1070,29.0,2020-07-14
133,1262,80.25,2021-12-03
133,1331,4.0,2020-05-07
133,1802,4.25,2020-08-21
133,1942,0.5,2020-10-22
133,1970,4.25,2020-03-06
133,2031,481.0,2020-07-10
133,7342,1.25,2021-08-10
133,9730,27.5,2020-05-22
133,11133,24.0,2021-10-19
133,11198,0.5,2021-11-25
134,39,75.0,2021-10-25
134,73,1.0,2020-03-17
134,76,24.5,2020-11-01
134,109,16.0,2021-05-01
134,116,1.0,2021-12-24
134,124,0.0,2021-05-16
134,127,0.0,2020-10-20
134,230,22.5,2021-07-11
134,231,16.0,2020-06-03
134,233,80.25,2021-05-25
134,434,4.25,2020-07-05
134,500,1.25,2021-05-23
134,501,1.5,2021-11-16
134,537,5.0,2020-07-03
134,549,48.0,2020-11-27
134,673,100.0,2020-05-27
134,731,38.5,2021-05-08
134,960,80.25,2020-08-13
134,1029,3.0,2022-01-05
134,1262,3.25,2020-06-04
134,1331,16.0,2021-06-27
134,1802,90.0,2020-12-26
134,1887,0.0,2021-01-08
134,1942,4.75,2020-08-06
134,1970,0.25,2020-10-21
134,2031,384.0,2020-10-05
134,3025,90.0,2021-07-31
134,5503,44.0,2021-06-01
134,7334,11.5,2021-11-10
134,7342,2.25,2021-06-04
134,7344,10.0,2022-01-09
134,7351,2.5,2020-04-08
134,8173,1.0,2021-01-06
134,11133,0.0,2020-06-11
134,11198,3.5,2020-03-05
134,11208,30.5,2020-05-29
134,14593,0.0,2021-08-26
134,25076,2.25,2021-09-29
135,15,1.0,2021-09-13
135,16,1.0,2021-06-22
135,21,1.0,2020-07-17
135,37,52.0,2020-09-27
135,38,4.0,2020-07-22
135,40,75.0,2020-05-29
135,59,16.0,2021-10-08
135,72,52.0,2020-10-13
135,73,1.0,2020-02-02
135,75,1.0,2021-02-20
135,113,16.0,2022-01-10
135,116,24.0,2020-02-23
135,121,52.0,2020-07-11
135,128,0.0,2020-10-03
135,132,1.75,2020-02-27
135,230,11.5,2020-12-19
135,231,2.0,2020-10-27
135,233,1.5,2021-05-07
135,358,4.5,2021-11-18
135,427,75.0,2021-10-08
135,431,80.25,2022-01-02
135,478,3.75,2020-05-17
135,501,80.25,2021-02-08
135,529,24.0,2021-05-27
135,533,1.0,2020-10-05
135,559,1.0,2020-05-10
135,622,10.0,2020-07-31
135,673,0.75,2021-11-29
135,960,16.0,2021-01-24
135,974,52.0,2021-12-27
135,979,0.0,2021-01-27
135,1011,48.0,2021-09-07
135,1020,1.0,2020-05-05
135,1068,710.0,2021-11-01
135,1121,2.5,2020-07-31
135,1164,5.0,2020-02-27
135,1262,3.25,2021-11-15
135,1266,90.0,2020-08-12
135,1331,0.75,2021-04-22
135,1871,1.75,2021-04-25
135,1887,3.25,2021-02-03
135,1942,2.5,2020-11-01
135,1970,48.0,2021-06-05
135,2155,2.0,2021-08-27
135,6036,32.5,2020-06-17
135,6801,3.0,2022-01-02
135,7334,18.0,2020-07-31
135,7346,2.25,2020-10-26
135,7351,90.0,2020-02-20
135,7599,4.0,2021-11-02
135,8173,1.0,2020-04-07
135,11198,0.0,2020-12-21
135,12517,3.25,2020-11-23
135,14593,48.0,2020-03-29
136,15,1.75,2020-07-26
136,21,2.5,2021-06-01
136,38,4.0,2021-03-07
136,59,60.0,2020-09-10
136,75,2.0,2021-03-08
136,113,60.0,2020-08-25
136,116,4.0,2020-04-28
136,121,80.25,2021-03-01
136,124,1.25,2021-07-23
136,126,25.5,2021-02-19
136,127,24.0,2020-05-17
136,230,23.0,2021-09-25
136,231,3.5,2021-01-20
136,233,4.25,2020-08-29
136,247,2.25,2021-09-21
136,343,75.0,2021-12-27
136,358,4.5,2020-07-18
136,427,4.0,2020-03-03
136,431,4.75,2021-12-24
136,434,75.0,2020-05-04
136,472,10.0,2021-07-26
136,478,3.25,2022-01-06
136,493,12.0,2020-10-16
136,500,2.0,2020-02-22
136,529,0.0,2020-08-02
136,533,2.75,2020-08-15
136,537,0.0,2020-09-12
136,538,75.0,2021-07-20
136,545,2.75,2020-11-15
136,559,2.0,2020-12-05
136,623,0.0,2020-02-03
136,673,2.25,2020-05-31
136,730,4.75,2021-10-19
136,732,52.0,2020-07-06
136,960,0.5,2020-03-13
136,1011,3.75,2020-05-14
136,1026,4.5,2021-09-25
136,1164,10.0,2021-02-19
136,1262,90.0,2020-07-16
136,1331,5.0,2021-03-13
136,1802,1.75,2021-09-01
136,1871,2.25,2021-01-14
136,1887,2.5,2020-08-07
136,1942,3.0,2021-11-15
136,1970,24.0,2021-04-12
136,1985,1.25,2020-12-24
136,2155,3.0,2020-06-27
136,2993,2.5,2020-03-07
136,6801,2.5,2021-10-28
136,7342,1.25,2021-10-31
136,7344,0.75,2021-06-03
136,7346,5.0,2020-03-05
136,7599,4.25,2020-04-18
136,8173,2.25,2021-03-07
136,11198,4.0,2020-02-22
136,11208,20.0,2020-11-10
136,12517,0.0,2020-12-11
136,14593,60.0,2021-05-09
136,26758,28.5,2021-09-02
137,37,0.5,2020-12-30
137,38,10.0,2020-04-15
137,43,3.25,2021-04-25
137,59,0.0,2021-03-17
137,71,1.5,2021-01-13
137,73,1.75,2020-07-18
137,231,10.0,2021-10-31
137,247,5.0,2021-09-24
137,343,2.0,2020-08-10
137,379,0.0,2021-09-09
137,427,4.5,2020-08-02
137,478,75.0,2021-06-03
137,500,1.5,2020-12-26
137,537,60.0,2021-09-23
137,538,0.5,2020-03-29
137,565,75.0,2021-03-19
137,673,100.0,2021-07-30
137,733,80.25,2020-10-11
137,979,3.25,2020-08-22
137,1266,4.75,2021-03-20
137,1331,4.5,2020-04-14
137,1352,3.0,2020-09-05
137,1871,75.0,2020-08-06
137,1887,4.0,2020-03-15
137,2031,434.0,2021-05-10
137,2155,2.75,2021-11-01
137,6801,0.75,2021-09-05
137,11198,3.75,2020-04-08
137,12517,32.0,2021-07-19
137,14593,2.75,2021-03-31
138,40,1.75,2020-08-21
138,59,4.25,2020-09-03
138,72,0.75,2020-09-16
138,113,52.0,2021-01-08
138,128,0.25,2021-09-04
138,247,2.0,2020-08-10
138,358,3.0,2020-08-04
138,427,0.0,2021-09-19
138,478,3.75,2021-04-17
138,498,44.0,2021-10-25
138,500,1.0,2020-05-13
138,529,24.0,2020-07-17
138,533,52.0,2020-02-11
138,545,24.0,2021-09-28
138,673,52.0,2020-08-30
138,732,3.0,2021-01-29
138,866,1.75,2020-07-07
138,974,0.0,2020-08-29
138,979,3.0,2020-09-17
138,1011,75.0,2021-07-02
138,1026,1.25,2021-02-27
138,1029,75.0,2020-05-04
138,1074,42.5,2021-11-24
138,1121,3.5,2020-03-27
138,1262,3.75,2020-05-14
138,1331,48.0,2020-03-22
138,1802,0.0,2020-04-26
138,1871,10.0,2020-08-27
138,1942,1.0,2021-04-12
138,2993,24.0,2020-05-25
138,7342,24.0,2021-10-24
138,7344,1.25,2021-05-26
138,7346,3.5,2021-12-01
138,8173,0.5,2021-12-01
138,9730,19.0,2020-08-14
138,11198,0.25,2021-09-17
138,12517,1.0,2020-07-06
138,14593,32.0,2021-02-08
138,19560,0.5,2020-05-27
138,19565,2.75,2021-05-23
139,20,43.0,2021-03-04
139,37,2.75,2021-07-01
139,38,90.0,2020-11-06
139,71,4.75,2021-06-15
139,73,0.75,2020-07-04
139,74,392.0,2021-03-11
139,75,0.5,2021-03-23
139,132,3.75,2020-04-28
139,343,32.0,2021-08-17
139,472,48.0,2020-10-30
139,478,0.0,2020-05-11
139,498,21.5,2020-05-14
139,533,80.25,2020-04-29
139,622,48.0,2021-02-08
139,673,0.0,2020-07-30
139,730,0.25,2020-12-08
139,732,0.0,2021-02-04
139,960,3.75,2021-05-26
139,1011,3.75,2021-08-20
139,1164,3.75,2020-02-07
139,1262,5.0,2021-06-15
139,1331,3.5,2021-08-24
139,1887,0.0,2020-09-28
139,1942,52.0,2021-09-09
139,1970,4.25,2020-08-16
139,6801,1.25,2020-09-19
139,7323,1.75,2020-05-18
139,7334,28.0,2021-04-02
139,8173,4.25,2021-04-29
139,11198,3.25,2020-02-20
139,12517,2.25,2020-03-24
139,14593,80.25,2021-07-08
140,21,1.75,2021-02-12
140,39,4.5,2021-10-03
140,40,52.0,2021-06-08
140,71,75.0,2021-01-09
140,73,3.25,2021-12-20
140,75,52.0,2020-10-08
140,124,2.0,2020-04-17
140,127,0.0,2021-08-13
140,132,5.0,2021-05-08
140,233,2.5,2020-05-10
140,247,24.0,2020-02-13
140,327,4.5,2020-08-27
140,343,60.0,2020-11-21
140,501,10.0,2020-06-05
140,537,3.25,2021-02-04
140,538,3.25,2020-06-07
140,622,2.75,2020-06-15
140,673,80.25,2021-03-22
140,730,4.75,2020-10-08
140,960,3.5,2020-07-19
140,1262,100.0,2021-06-19
140,1331,3.0,2020-08-17
140,1352,5.0,2021-12-21
140,1802,80.25,2020-07-21
140,2155,0.0,2020-09-14
140,3025,4.75,2021-05-29
140,11133,3.75,2021-02-14
140,14593,16.0,2021-06-17
140,25076,5.0,2021-01-17
140,26758,3.0,2021-03-14
141,16,52.0,2020-11-04
141,21,48.0,2020-05-15
141,37,75.0,2020-03-31
141,39,3.5,2020-11-04
141,71,100.0,2020-11-20
141,74,446.0,2021-08-26
141,116,1.5,2021-10-13
141,239,36.5,2021-03-02
141,478,4.75,2020-03-31
141,512,52.0,2021-01-13
141,529,24.0,2021-01-30
141,533,10.0,2020-03-17
141,551,1.5,2020-11-03
141,623,16.0,2021-01-31
141,673,3.5,2021-11-21
141,1026,4.25,2020-03-14
141,1121,100.0,2021-05-29
141,1266,1.75,2021-08-05
141,1331,0.75,2021-09-12
141,1802,80.25,2020-03-25
141,1887,2.0,2021-10-02
141,1942,1.5,2021-04-14
141,2155,1.75,2020-03-13
141,2207,4.5,2021-07-23
141,6801,80.25,2020-09-23
141,7342,10.0,2020-03-21
141,7344,3.25,2021-08-15
141,8173,3.75,2020-05-13
141,11208,41.5,2021-10-06
141,12517,16.0,2020-05-19
141,25076,5.0,2020-12-16
142,16,3.25,2021-04-18
142,21,2.0,2021-07-29
142,38,1.75,2021-08-24
142,72,4.75,2021-12-13
142,73,90.0,2021-08-05
142,109,4.25,2020-05-18
142,116,1.25,2022-01-04
142,121,3.0,2021-05-18
142,124,52.0,2021-05-13
142,127,75.0,2021-02-16
142,128,24.0,2021-05-02
142,233,1.75,2020-07-24
142,247,2.25,2021-08-09
142,343,3.0,2020-02-23
142,358,24.0,2020-11-08
142,427,1.0,2021-07-07
142,501,2.5,2020-08-18
142,529,4.25,2021-09-24
142,533,2.0,2021-02-20
142,545,80.25,2021-09-09
142,549,4.0,2020-10-24
142,565,4.5,2022-01-06
142,730,0.0,2021-09-04
142,960,60.0,2021-04-06
142,974,5.0,2021-06-26
142,979,4.75,2021-01-06
142,1011,32.0,2022-01-10
142,1074,427.0,2021-11-19
142,1121,0.0,2021-08-06
142,1262,75.0,2021-06-21
142,1331,10.0,2020-12-15
142,1802,10.0,2020-05-02
142,1871,16.0,2020-08-02
142,1942,24.0,2020-07-17
142,7323,3.75,2021-11-28
142,7351,2.75,2020-09-19
142,8173,90.0,2021-09-09
142,9630,4.0,2020-11-20
142,11198,48.0,2020-02-14
142,12517,0.0,2020-12-18
143,15,3.0,2021-10-08
143,18,88.0,2020-08-14
143,21,2.25,2020-03-19
143,37,75.0,2020-11-06
143,74,537.0,2021-03-15
143,75,0.75,2020-12-02
143,116,1.75,2021-07-05
143,127,1.25,2020-09-02
143,128,1.5,2020-09-22
143,343,4.0,2021-03-25
143,358,2.25,2021-03-13
143,427,24.0,2021-11-25
143,478,16.0,2020-04-19
143,529,1.0,2021-11-05
143,559,2.0,2020-06-01
143,565,1.5,2020-10-03
143,673,3.5,2021-09-02
143,974,4.25,2022-01-05
143,1026,1.25,2021-10-29
143,1074,33.0,2021-05-01
143,1164,3.75,2020-04-22
143,1262,3.75,2021-02-17
143,1331,1.75,2020-06-23
143,1352,48.0,2020-10-30
143,1802,2.5,2020-10-30
143,1871,75.0,2021-07-21
143,1887,60.0,2020-09-06
143,1942,4.0,2020-02-29
143,5503,13.0,2020-10-31
143,7342,4.25,2021-04-17
143,7344,60.0,2020-01-31
143,7346,24.0,2021-02-15
143,8173,1.75,2021-09-30
143,11198,32.0,2020-04-24
143,12517,0.0,2020-10-13
143,26758,42.0,2021-08-14
144,116,3.5,2021-03-24
144,427,4.25,2020-11-09
144,549,8.5,2020-08-27
144,673,2.5,2020-08-08
144,1029,3.25,2021-09-27
144,1070,39.5,2020-07-29
144,1802,0.0,2020-03-03
144,6801,24.0,2020-10-25
144,7334,6.0,2020-08-02
144,11198,75.0,2021-11-06
144,14593,3.25,2021-08-24
144,25076,2.25,2020-12-08
145,16,90.0,2020-03-20
145,40,0.25,2020-09-21
145,71,1.5,2020-12-23
145,72,32.0,2020-07-14
145,73,0.5,2021-12-31
145,109,0.0,2021-10-13
145,233,0.0,2020-03-17
145,239,352.0,2020-11-01
145,533,0.5,2020-02-05
145,538,5.0,2020-05-12
145,866,100.0,2021-02-25
145,960,3.75,2020-04-30
145,979,3.25,2021-03-09
145,1011,0.25,2020-10-11
145,1020,5.0,2020-02-04
145,1164,3.25,2022-01-01
145,2993,16.0,2020-09-18
145,5503,458.0,2020-08-10
145,7599,0.5,2020-05-06
145,8173,0.0,2021-12-31
146,38,24.0,2020-11-05
146,40,1.75,2021-08-28
146,59,3.5,2020-11-19
146,71,100.0,2021-07-26
146,72,1.25,2020-08-12
146,74,456.0,2021-01-25
146,76,430.0,2020-08-17
146,116,60.0,2021-01-15
146,127,1.25,2021-12-16
146,358,100.0,2020-07-02
146,375,309.0,2020-10-29
146,472,48.0,2021-11-03
146,478,60.0,2020-07-18
146,500,3.75,2021-08-13
146,529,1.0,2021-09-06
146,533,60.0,2021-03-06
146,537,5.0,2021-10-30
146,559,60.0,2021-08-17
146,622,1.0,2021-11-28
146,673,0.0,2020-04-20
146,730,0.25,2020-05-08
146,733,1.75,2021-05-14
146,960,48.0,2021-12-08
146,974,3.25,2021-11-15
146,979,32.0,2021-01-22
146,1020,2.25,2021-06-10
146,1026,3.75,2021-11-15
146,1070,466.0,2020-06-24
146,1262,2.0,2021-10-20
146,1331,1.25,2020-06-09
146,1372,3.25,2020-09-22
146,1942,1.0,2020-10-30
146,1970,90.0,2021-10-19
146,1985,24.0,2021-08-10
146,2155,4.5,2021-03-06
146,3025,52.0,2021-05-06
146,5503,381.0,2020-11-01
146,6801,32.0,2021-01-21
146,7344,0.5,2020-05-03
146,7351,5.0,2020-04-02
146,8173,32.0,2020-10-23
146,11133,52.0,2021-08-20
146,11198,4.0,2020-09-29
146,12517,3.75,2020-04-09
146,14593,1.0,2020-04-27
147,38,1.0,2020-08-31
147,72,1.0,2021-12-17
147,74,269.0,2020-11-24
147,431,52.0,2021-11-08
147,472,100.0,2021-03-26
147,478,0.5,2020-11-12
147,537,75.0,2021-12-02
147,538,0.0,2021-08-30
147,673,3.25,2021-11-13
147,730,80.25,2021-10-27
147,960,4.5,2021-03-30
147,1011,2.0,2021-02-28
147,1121,4.75,2021-06-13
147,1331,4.5,2021-11-28
147,1372,2.25,2021-11-12
147,2155,75.0,2020-11-05
147,3025,32.0,2020-11-30
147,12517,75.0,2020-04-13
147,19560,1.0,2021-05-06
147,25076,80.25,2020-04-02
148,16,4.75,2021-10-13
148,40,3.5,2020-07-06
148,72,16.0,2020-06-21
148,116,80.25,2021-07-08
148,132,4.5,2021-04-21
148,239,483.0,2020-07-15
148,247,3.75,2021-01-09
148,375,204.0,2021-06-21
148,529,48.0,2021-04-19
148,533,4.25,2020-10-04
148,622,10.0,2020-11-22
148,673,0.0,2020-10-10
148,1020,90.0,2020-11-22
148,1026,2.75,2020-05-18
148,1029,0.25,2020-03-28
148,1070,30.0,2020-07-10
148,1164,1.5,2020-07-21
148,1331,3.0,2021-06-21
148,1802,1.0,2021-03-11
148,1871,3.0,2020-04-17
148,1887,3.75,2021-03-26
148,1942,5.0,2021-06-20
148,2031,589.0,2021-04-12
148,2993,0.5,2021-05-27
148,7331,4.25,2020-06-01
148,7342,3.5,2021-06-26
148,7351,80.25,2021-12-23
148,7599,1.0,2020-09-12
148,8173,0.5,2021-11-17
148,11133,3.0,2021-12-27
148,11156,0.0,2021-05-15
148,11198,0.0,2021-11-21
148,12517,48.0,2021-11-06
148,14593,10.0,2020-10-26
148,19560,4.25,2020-07-05
149,109,5.0,2021-11-21
149,116,4.75,2020-07-17
149,124,100.0,2021-12-23
149,126,24.0,2021-11-15
149,231,16.0,2020-12-09
149,358,10.0,2021-06-29
149,427,90.0,2021-07-07
149,472,4.75,2020-05-07
149,673,32.0,2021-03-21
149,733,4.5,2020-05-10
149,960,1.5,2020-09-17
149,974,10.0,2020-09-22
149,1026,52.0,2020-09-07
149,1029,16.0,2021-02-12
149,1262,90.0,2020-02-28
149,1331,32.0,2020-09-12
149,1372,2.25,2020-10-02
149,1802,24.0,2021-08-21
149,1871,0.0,2020-11-29
149,1942,90.0,2020-07-19
149,1985,4.75,2022-01-03
149,8173,80.25,2020-03-18
149,11198,1.0,2020-05-15
149,11208,35.0,2020-11-05
149,12517,0.0,2021-11-20
150,15,1.5,2021-03-25
150,16,1.75,2020-12-29
150,37,4.25,2020-03-25
150,39,0.0,2021-09-16
150,40,80.25,2020-03-15
150,43,3.75,2021-07-28
150,59,4.0,2021-12-28
150,73,16.0,2020-10-29
150,75,3.0,2020-06-11
150,76,28.5,2020-07-05
150,113,4.0,2020-08-03
150,124,0.75,2020-10-24
150,132,4.0,2020-05-20
150,231,2.5,2020-08-27
150,327,4.75,2021-05-26
150,343,0.75,2021-04-30
150,358,100.0,2021-09-28
150,472,1.0,2020-04-02
150,478,1.5,2021-07-29
150,498,26.5,2021-05-12
150,529,2.25,2021-04-26
150,533,2.5,2020-10-20
150,537,2.75,2021-09-01
150,559,3.75,2021-08-17
150,622,10.0,2020-05-28
150,673,0.0,2021-06-09
150,730,2.25,2020-11-30
150,732,2.0,2021-11-09
150,733,16.0,2021-01-17
150,866,1.0,2021-03-02
150,960,1.25,2021-07-29
150,974,4.75,2021-05-31
150,979,3.0,2021-12-16
150,1011,2.75,2021-02-18
150,1026,48.0,2021-03-23
150,1029,80.25,2020-06-04
150,1068,581.0,2020-05-15
150,1262,1.0,2021-07-27
150,1331,3.5,2020-12-27
150,1372,3.5,2020-02-23
150,1802,0.75,2021-04-14
150,1871,0.0,2020-12-26
150,1887,1.0,2020-12-31
150,1942,3.0,2020-06-02
150,1985,24.0,2021-03-12
150,2155,48.0,2020-07-01
150,5503,4.0,2021-11-17
150,6036,620.0,2021-03-12
150,7323,1.25,2020-11-23
150,7342,48.0,2020-02-07
150,7344,10.0,2020-11-20
150,7351,2.75,2021-07-18
150,8173,24.0,2020-01-31
150,11198,4.5,2021-05-24
150,12517,90.0,2020-06-27
150,14593,2.25,2020-05-12
