pago_id,id_suscripcion,fecha_inicio,mensualidad
537,52,2020-06-10,5000
536,52,2020-06-10,5000
3166,335,2020-06-17,9500
3165,335,2020-06-17,9500
3104,328,2020-05-25,5000
3103,328,2020-05-25,5000
3101,328,2020-05-25,5000
3102,328,2020-05-25,5000
963,105,2020-05-23,4000
964,105,2020-05-23,4000
962,105,2020-05-23,4000
960,105,2020-05-23,4000
961,105,2020-05-23,4000
715,74,2020-07-17,6500
716,74,2020-07-17,6500
713,74,2020-07-17,6500
714,74,2020-07-17,6500
1479,159,2020-07-09,5000
1477,159,2020-07-09,5000
1478,159,2020-07-09,5000
1476,159,2020-07-09,5000
885,93,2020-10-10,5500
886,93,2020-10-10,5500
3410,361,2020-10-24,5000
3409,361,2020-10-24,5000
946,102,2020-09-19,5000
947,102,2020-09-19,5000
948,102,2020-09-19,5000
1150,127,2020-05-11,5000
1151,127,2020-05-11,5000
1153,127,2020-05-11,5000
1155,127,2020-05-11,5000
1149,127,2020-05-11,5000
1154,127,2020-05-11,5000
1152,127,2020-05-11,5000
1454,157,2020-07-13,5500
1455,157,2020-07-13,5500
1451,157,2020-07-13,5500
1450,157,2020-07-13,5500
1452,157,2020-07-13,5500
1453,157,2020-07-13,5500
3358,355,2020-07-30,4500
3361,355,2020-07-30,4500
3360,355,2020-07-30,4500
3357,355,2020-07-30,4500
3359,355,2020-07-30,4500
3356,355,2020-07-30,4500
225,21,2020-06-11,3500
224,21,2020-06-11,3500
226,21,2020-06-11,3500
222,21,2020-06-11,3500
220,21,2020-06-11,3500
221,21,2020-06-11,3500
223,21,2020-06-11,3500
2936,307,2020-08-01,4500
2938,307,2020-08-01,4500
2941,307,2020-08-01,4500
2940,307,2020-08-01,4500
2937,307,2020-08-01,4500
2939,307,2020-08-01,4500
614,61,2020-05-25,5500
609,61,2020-05-25,5500
610,61,2020-05-25,5500
612,61,2020-05-25,5500
613,61,2020-05-25,5500
615,61,2020-05-25,5500
616,61,2020-05-25,5500
611,61,2020-05-25,5500
608,61,2020-05-25,5500
2709,283,2020-09-23,5000
2712,283,2020-09-23,5000
2711,283,2020-09-23,5000
2708,283,2020-09-23,5000
2713,283,2020-09-23,5000
2710,283,2020-09-23,5000
2521,264,2020-05-28,3000
2516,264,2020-05-28,3000
2523,264,2020-05-28,3000
2517,264,2020-05-28,3000
2519,264,2020-05-28,3000
2520,264,2020-05-28,3000
2522,264,2020-05-28,3000
2518,264,2020-05-28,3000
2525,264,2020-05-28,3000
2524,264,2020-05-28,3000
1095,121,2020-07-14,5000
1092,121,2020-07-14,5000
1094,121,2020-07-14,5000
1093,121,2020-07-14,5000
1091,121,2020-07-14,5000
1096,121,2020-07-14,5000
1099,121,2020-07-14,5000
1098,121,2020-07-14,5000
1097,121,2020-07-14,5000
2534,266,2020-11-26,4000
2533,266,2020-11-26,4000
2535,266,2020-11-26,4000
2536,266,2020-11-26,4000
2532,266,2020-11-26,4000
2791,291,2020-09-19,4000
2789,291,2020-09-19,4000
2793,291,2020-09-19,4000
2794,291,2020-09-19,4000
2790,291,2020-09-19,4000
2792,291,2020-09-19,4000
2788,291,2020-09-19,4000
3094,326,2020-12-16,5000
3095,326,2020-12-16,5000
3093,326,2020-12-16,5000
3096,326,2020-12-16,5000
2872,300,2020-06-07,4000
2865,300,2020-06-07,4000
2870,300,2020-06-07,4000
2867,300,2020-06-07,4000
2866,300,2020-06-07,4000
2873,300,2020-06-07,4000
2874,300,2020-06-07,4000
2868,300,2020-06-07,4000
2869,300,2020-06-07,4000
2871,300,2020-06-07,4000
3423,363,2021-01-28,5000
3420,363,2021-01-28,5000
3422,363,2021-01-28,5000
3421,363,2021-01-28,5000
2376,248,2021-03-30,5000
2375,248,2021-03-30,5000
1413,153,2020-11-19,5000
1410,153,2020-11-19,5000
1414,153,2020-11-19,5000
1412,153,2020-11-19,5000
1411,153,2020-11-19,5000
1409,153,2020-11-19,5000
589,59,2021-04-03,6500
2990,311,2020-07-26,3500
2996,311,2020-07-26,3500
2998,311,2020-07-26,3500
2992,311,2020-07-26,3500
2995,311,2020-07-26,3500
2997,311,2020-07-26,3500
2999,311,2020-07-26,3500
2991,311,2020-07-26,3500
2994,311,2020-07-26,3500
2993,311,2020-07-26,3500
3074,324,2020-08-13,6500
3067,324,2020-08-13,6500
3069,324,2020-08-13,6500
3068,324,2020-08-13,6500
3070,324,2020-08-13,6500
3072,324,2020-08-13,6500
3073,324,2020-08-13,6500
3066,324,2020-08-13,6500
3071,324,2020-08-13,6500
1976,209,2021-03-21,7500
1977,209,2021-03-21,7500
1975,209,2021-03-21,7500
2342,243,2021-04-29,5000
2341,243,2021-04-29,5000
3210,340,2020-06-10,6500
3209,340,2020-06-10,6500
3214,340,2020-06-10,6500
3211,340,2020-06-10,6500
3205,340,2020-06-10,6500
3207,340,2020-06-10,6500
3206,340,2020-06-10,6500
3215,340,2020-06-10,6500
3213,340,2020-06-10,6500
3208,340,2020-06-10,6500
3212,340,2020-06-10,6500
3204,340,2020-06-10,6500
1052,115,2020-08-19,6500
1054,115,2020-08-19,6500
1049,115,2020-08-19,6500
1051,115,2020-08-19,6500
1053,115,2020-08-19,6500
1045,115,2020-08-19,6500
1047,115,2020-08-19,6500
1046,115,2020-08-19,6500
1050,115,2020-08-19,6500
1048,115,2020-08-19,6500
1981,210,2021-01-15,5000
1982,210,2021-01-15,5000
1980,210,2021-01-15,5000
1978,210,2021-01-15,5000
1979,210,2021-01-15,5000
3011,313,2021-04-01,8500
3010,313,2021-04-01,8500
268,25,2020-09-29,9500
263,25,2020-09-29,9500
266,25,2020-09-29,9500
269,25,2020-09-29,9500
264,25,2020-09-29,9500
271,25,2020-09-29,9500
267,25,2020-09-29,9500
265,25,2020-09-29,9500
262,25,2020-09-29,9500
270,25,2020-09-29,9500
2848,298,2020-10-02,5000
2850,298,2020-10-02,5000
2853,298,2020-10-02,5000
2849,298,2020-10-02,5000
2846,298,2020-10-02,5000
2847,298,2020-10-02,5000
2851,298,2020-10-02,5000
2852,298,2020-10-02,5000
2845,298,2020-10-02,5000
2653,278,2020-05-17,4000
2646,278,2020-05-17,4000
2658,278,2020-05-17,4000
2651,278,2020-05-17,4000
2645,278,2020-05-17,4000
2654,278,2020-05-17,4000
2652,278,2020-05-17,4000
2655,278,2020-05-17,4000
2650,278,2020-05-17,4000
2656,278,2020-05-17,4000
2657,278,2020-05-17,4000
2649,278,2020-05-17,4000
2648,278,2020-05-17,4000
2647,278,2020-05-17,4000
1652,178,2021-05-01,4500
1651,178,2021-05-01,4500
1984,211,2021-05-08,4500
1983,211,2021-05-08,4500
166,16,2021-04-19,6500
167,16,2021-04-19,6500
165,16,2021-04-19,6500
1524,166,2020-12-25,7500
1523,166,2020-12-25,7500
1522,166,2020-12-25,7500
1521,166,2020-12-25,7500
1526,166,2020-12-25,7500
1520,166,2020-12-25,7500
1525,166,2020-12-25,7500
3271,349,2020-07-01,6500
3266,349,2020-07-01,6500
3277,349,2020-07-01,6500
3267,349,2020-07-01,6500
3268,349,2020-07-01,6500
3275,349,2020-07-01,6500
3270,349,2020-07-01,6500
3269,349,2020-07-01,6500
3272,349,2020-07-01,6500
3273,349,2020-07-01,6500
3274,349,2020-07-01,6500
3265,349,2020-07-01,6500
3276,349,2020-07-01,6500
759,81,2021-05-11,7500
761,81,2021-05-11,7500
760,81,2021-05-11,7500
1500,163,2021-04-12,5000
1501,163,2021-04-12,5000
1503,163,2021-04-12,5000
1502,163,2021-04-12,5000
570,56,2021-05-21,5000
572,56,2021-05-21,5000
571,56,2021-05-21,5000
2,1,2021-06-14,6500
1,1,2021-06-14,6500
1805,193,2021-07-06,8000
508,50,2020-06-23,5500
514,50,2020-06-23,5500
515,50,2020-06-23,5500
511,50,2020-06-23,5500
510,50,2020-06-23,5500
502,50,2020-06-23,5500
507,50,2020-06-23,5500
504,50,2020-06-23,5500
509,50,2020-06-23,5500
512,50,2020-06-23,5500
503,50,2020-06-23,5500
506,50,2020-06-23,5500
513,50,2020-06-23,5500
505,50,2020-06-23,5500
2881,301,2020-11-23,4000
2875,301,2020-11-23,4000
2876,301,2020-11-23,4000
2878,301,2020-11-23,4000
2884,301,2020-11-23,4000
2883,301,2020-11-23,4000
2882,301,2020-11-23,4000
2877,301,2020-11-23,4000
2880,301,2020-11-23,4000
2879,301,2020-11-23,4000
2246,234,2021-03-11,9500
2249,234,2021-03-11,9500
2248,234,2021-03-11,9500
2245,234,2021-03-11,9500
2250,234,2021-03-11,9500
2247,234,2021-03-11,9500
3479,369,2021-05-12,5000
3477,369,2021-05-12,5000
3476,369,2021-05-12,5000
3478,369,2021-05-12,5000
2787,290,2021-07-07,6500
2786,290,2021-07-07,6500
379,38,2021-04-25,5500
378,38,2021-04-25,5500
377,38,2021-04-25,5500
380,38,2021-04-25,5500
381,38,2021-04-25,5500
1111,123,2021-06-20,9500
1110,123,2021-06-20,9500
1109,123,2021-06-20,9500
192,19,2020-09-11,3000
196,19,2020-09-11,3000
201,19,2020-09-11,3000
198,19,2020-09-11,3000
197,19,2020-09-11,3000
199,19,2020-09-11,3000
191,19,2020-09-11,3000
190,19,2020-09-11,3000
195,19,2020-09-11,3000
193,19,2020-09-11,3000
194,19,2020-09-11,3000
200,19,2020-09-11,3000
661,68,2020-09-30,5000
662,68,2020-09-30,5000
660,68,2020-09-30,5000
666,68,2020-09-30,5000
671,68,2020-09-30,5000
668,68,2020-09-30,5000
669,68,2020-09-30,5000
670,68,2020-09-30,5000
664,68,2020-09-30,5000
667,68,2020-09-30,5000
663,68,2020-09-30,5000
665,68,2020-09-30,5000
1182,130,2021-03-17,8000
1180,130,2021-03-17,8000
1181,130,2021-03-17,8000
1179,130,2021-03-17,8000
1177,130,2021-03-17,8000
1178,130,2021-03-17,8000
1176,130,2021-03-17,8000
966,106,2021-08-26,7000
965,106,2021-08-26,7000
1193,132,2021-04-11,5000
1197,132,2021-04-11,5000
1195,132,2021-04-11,5000
1196,132,2021-04-11,5000
1192,132,2021-04-11,5000
1194,132,2021-04-11,5000
2352,245,2021-08-13,5000
2353,245,2021-08-13,5000
945,101,2021-09-16,9500
484,48,2020-10-31,5000
476,48,2020-10-31,5000
483,48,2020-10-31,5000
478,48,2020-10-31,5000
485,48,2020-10-31,5000
475,48,2020-10-31,5000
479,48,2020-10-31,5000
477,48,2020-10-31,5000
486,48,2020-10-31,5000
480,48,2020-10-31,5000
482,48,2020-10-31,5000
481,48,2020-10-31,5000
3472,368,2021-03-16,4000
3471,368,2021-03-16,4000
3469,368,2021-03-16,4000
3470,368,2021-03-16,4000
3473,368,2021-03-16,4000
3468,368,2021-03-16,4000
3474,368,2021-03-16,4000
3475,368,2021-03-16,4000
1519,165,2021-08-30,5500
1517,165,2021-08-30,5500
1518,165,2021-08-30,5500
3158,334,2020-10-10,8500
3163,334,2020-10-10,8500
3161,334,2020-10-10,8500
3154,334,2020-10-10,8500
3164,334,2020-10-10,8500
3160,334,2020-10-10,8500
3156,334,2020-10-10,8500
3159,334,2020-10-10,8500
3155,334,2020-10-10,8500
3162,334,2020-10-10,8500
3152,334,2020-10-10,8500
3153,334,2020-10-10,8500
3157,334,2020-10-10,8500
867,90,2021-04-26,4000
864,90,2021-04-26,4000
868,90,2021-04-26,4000
869,90,2021-04-26,4000
866,90,2021-04-26,4000
865,90,2021-04-26,4000
863,90,2021-04-26,4000
2905,303,2021-06-25,4500
2904,303,2021-06-25,4500
2902,303,2021-06-25,4500
2901,303,2021-06-25,4500
2903,303,2021-06-25,4500
1147,126,2021-08-14,7500
1148,126,2021-08-14,7500
1146,126,2021-08-14,7500
432,43,2021-09-23,9500
433,43,2021-09-23,9500
2335,241,2020-10-15,8000
2328,241,2020-10-15,8000
2325,241,2020-10-15,8000
2332,241,2020-10-15,8000
2324,241,2020-10-15,8000
2331,241,2020-10-15,8000
2334,241,2020-10-15,8000
2333,241,2020-10-15,8000
2330,241,2020-10-15,8000
2327,241,2020-10-15,8000
2329,241,2020-10-15,8000
2326,241,2020-10-15,8000
2323,241,2020-10-15,8000
1774,189,2021-09-27,3500
1773,189,2021-09-27,3500
362,36,2020-11-28,5500
373,36,2020-11-28,5500
363,36,2020-11-28,5500
367,36,2020-11-28,5500
372,36,2020-11-28,5500
370,36,2020-11-28,5500
366,36,2020-11-28,5500
371,36,2020-11-28,5500
365,36,2020-11-28,5500
369,36,2020-11-28,5500
364,36,2020-11-28,5500
368,36,2020-11-28,5500
578,58,2020-11-30,6500
588,58,2020-11-30,6500
579,58,2020-11-30,6500
582,58,2020-11-30,6500
585,58,2020-11-30,6500
581,58,2020-11-30,6500
577,58,2020-11-30,6500
580,58,2020-11-30,6500
586,58,2020-11-30,6500
587,58,2020-11-30,6500
583,58,2020-11-30,6500
584,58,2020-11-30,6500
1032,114,2020-06-18,4000
1044,114,2020-06-18,4000
1041,114,2020-06-18,4000
1038,114,2020-06-18,4000
1027,114,2020-06-18,4000
1029,114,2020-06-18,4000
1037,114,2020-06-18,4000
1033,114,2020-06-18,4000
1034,114,2020-06-18,4000
1030,114,2020-06-18,4000
1039,114,2020-06-18,4000
1043,114,2020-06-18,4000
1040,114,2020-06-18,4000
1035,114,2020-06-18,4000
1042,114,2020-06-18,4000
1036,114,2020-06-18,4000
1031,114,2020-06-18,4000
1028,114,2020-06-18,4000
3381,357,2021-10-31,6500
3382,357,2021-10-31,6500
2104,222,2021-07-11,5000
2107,222,2021-07-11,5000
2103,222,2021-07-11,5000
2106,222,2021-07-11,5000
2105,222,2021-07-11,5000
651,67,2020-11-24,4000
649,67,2020-11-24,4000
650,67,2020-11-24,4000
657,67,2020-11-24,4000
647,67,2020-11-24,4000
652,67,2020-11-24,4000
655,67,2020-11-24,4000
648,67,2020-11-24,4000
653,67,2020-11-24,4000
656,67,2020-11-24,4000
654,67,2020-11-24,4000
659,67,2020-11-24,4000
658,67,2020-11-24,4000
3099,327,2021-08-29,6500
3098,327,2021-08-29,6500
3097,327,2021-08-29,6500
3100,327,2021-08-29,6500
430,42,2021-07-04,6500
428,42,2021-07-04,6500
427,42,2021-07-04,6500
431,42,2021-07-04,6500
429,42,2021-07-04,6500
2086,219,2020-10-28,3000
2078,219,2020-10-28,3000
2075,219,2020-10-28,3000
2077,219,2020-10-28,3000
2084,219,2020-10-28,3000
2074,219,2020-10-28,3000
2085,219,2020-10-28,3000
2082,219,2020-10-28,3000
2080,219,2020-10-28,3000
2076,219,2020-10-28,3000
2079,219,2020-10-28,3000
2081,219,2020-10-28,3000
2087,219,2020-10-28,3000
2083,219,2020-10-28,3000
2862,299,2021-01-27,5500
2854,299,2021-01-27,5500
2859,299,2021-01-27,5500
2855,299,2021-01-27,5500
2856,299,2021-01-27,5500
2858,299,2021-01-27,5500
2863,299,2021-01-27,5500
2857,299,2021-01-27,5500
2861,299,2021-01-27,5500
2864,299,2021-01-27,5500
2860,299,2021-01-27,5500
2198,230,2021-08-02,8000
2199,230,2021-08-02,8000
2200,230,2021-08-02,8000
2201,230,2021-08-02,8000
887,94,2021-11-03,5500
3218,341,2021-07-06,7000
3219,341,2021-07-06,7000
3216,341,2021-07-06,7000
3217,341,2021-07-06,7000
3220,341,2021-07-06,7000
1637,175,2021-03-01,5000
1638,175,2021-03-01,5000
1634,175,2021-03-01,5000
1635,175,2021-03-01,5000
1640,175,2021-03-01,5000
1642,175,2021-03-01,5000
1636,175,2021-03-01,5000
1639,175,2021-03-01,5000
1641,175,2021-03-01,5000
3136,332,2021-10-31,5000
3137,332,2021-10-31,5000
3058,321,2021-10-03,4000
3060,321,2021-10-03,4000
3059,321,2021-10-03,4000
951,103,2021-10-23,5000
949,103,2021-10-23,5000
950,103,2021-10-23,5000
2837,295,2021-11-01,4000
2838,295,2021-11-01,4000
2839,296,2021-12-06,8000
1059,117,2021-10-06,8500
1058,117,2021-10-06,8500
1057,117,2021-10-06,8500
2748,287,2021-07-31,7000
2747,287,2021-07-31,7000
2749,287,2021-07-31,7000
2750,287,2021-07-31,7000
2746,287,2021-07-31,7000
2745,287,2021-07-31,7000
1825,196,2021-04-17,9500
1829,196,2021-04-17,9500
1832,196,2021-04-17,9500
1826,196,2021-04-17,9500
1830,196,2021-04-17,9500
1831,196,2021-04-17,9500
1833,196,2021-04-17,9500
1827,196,2021-04-17,9500
1828,196,2021-04-17,9500
1023,112,2021-12-02,7000
1688,181,2021-12-19,4000
2306,238,2021-09-24,7500
2307,238,2021-09-24,7500
2304,238,2021-09-24,7500
2305,238,2021-09-24,7500
434,44,2021-12-16,6500
893,96,2021-12-03,4000
2348,244,2021-04-30,6500
2344,244,2021-04-30,6500
2346,244,2021-04-30,6500
2349,244,2021-04-30,6500
2351,244,2021-04-30,6500
2350,244,2021-04-30,6500
2343,244,2021-04-30,6500
2345,244,2021-04-30,6500
2347,244,2021-04-30,6500
894,97,2020-08-20,4000
908,97,2020-08-20,4000
900,97,2020-08-20,4000
897,97,2020-08-20,4000
898,97,2020-08-20,4000
904,97,2020-08-20,4000
895,97,2020-08-20,4000
896,97,2020-08-20,4000
903,97,2020-08-20,4000
909,97,2020-08-20,4000
907,97,2020-08-20,4000
899,97,2020-08-20,4000
906,97,2020-08-20,4000
901,97,2020-08-20,4000
910,97,2020-08-20,4000
905,97,2020-08-20,4000
902,97,2020-08-20,4000
4,2,2021-03-21,4000
7,2,2021-03-21,4000
10,2,2021-03-21,4000
8,2,2021-03-21,4000
11,2,2021-03-21,4000
5,2,2021-03-21,4000
6,2,2021-03-21,4000
12,2,2021-03-21,4000
3,2,2021-03-21,4000
9,2,2021-03-21,4000
3201,339,2021-10-23,8000
3203,339,2021-10-23,8000
3202,339,2021-10-23,8000
1702,182,2020-11-06,4500
1692,182,2020-11-06,4500
1700,182,2020-11-06,4500
1693,182,2020-11-06,4500
1697,182,2020-11-06,4500
1689,182,2020-11-06,4500
1699,182,2020-11-06,4500
1696,182,2020-11-06,4500
1698,182,2020-11-06,4500
1701,182,2020-11-06,4500
1695,182,2020-11-06,4500
1690,182,2020-11-06,4500
1694,182,2020-11-06,4500
1691,182,2020-11-06,4500
325,30,2021-02-24,6500
326,30,2021-02-24,6500
319,30,2021-02-24,6500
317,30,2021-02-24,6500
323,30,2021-02-24,6500
318,30,2021-02-24,6500
320,30,2021-02-24,6500
322,30,2021-02-24,6500
327,30,2021-02-24,6500
324,30,2021-02-24,6500
321,30,2021-02-24,6500
1648,177,2021-10-05,3000
1649,177,2021-10-05,3000
1650,177,2021-10-05,3000
1350,146,2020-08-25,3500
1346,146,2020-08-25,3500
1357,146,2020-08-25,3500
1358,146,2020-08-25,3500
1347,146,2020-08-25,3500
1351,146,2020-08-25,3500
1359,146,2020-08-25,3500
1349,146,2020-08-25,3500
1361,146,2020-08-25,3500
1362,146,2020-08-25,3500
1348,146,2020-08-25,3500
1354,146,2020-08-25,3500
1360,146,2020-08-25,3500
1352,146,2020-08-25,3500
1355,146,2020-08-25,3500
1356,146,2020-08-25,3500
1353,146,2020-08-25,3500
2135,224,2020-12-04,6500
2137,224,2020-12-04,6500
2127,224,2020-12-04,6500
2136,224,2020-12-04,6500
2139,224,2020-12-04,6500
2129,224,2020-12-04,6500
2131,224,2020-12-04,6500
2138,224,2020-12-04,6500
2133,224,2020-12-04,6500
2134,224,2020-12-04,6500
2132,224,2020-12-04,6500
2130,224,2020-12-04,6500
2128,224,2020-12-04,6500
3310,351,2020-07-20,5000
3302,351,2020-07-20,5000
3307,351,2020-07-20,5000
3293,351,2020-07-20,5000
3304,351,2020-07-20,5000
3297,351,2020-07-20,5000
3308,351,2020-07-20,5000
3309,351,2020-07-20,5000
3296,351,2020-07-20,5000
3300,351,2020-07-20,5000
3303,351,2020-07-20,5000
3301,351,2020-07-20,5000
3298,351,2020-07-20,5000
3306,351,2020-07-20,5000
3299,351,2020-07-20,5000
3295,351,2020-07-20,5000
3305,351,2020-07-20,5000
3294,351,2020-07-20,5000
3342,353,2020-10-08,7000
3335,353,2020-10-08,7000
3337,353,2020-10-08,7000
3340,353,2020-10-08,7000
3330,353,2020-10-08,7000
3332,353,2020-10-08,7000
3338,353,2020-10-08,7000
3341,353,2020-10-08,7000
3328,353,2020-10-08,7000
3329,353,2020-10-08,7000
3339,353,2020-10-08,7000
3333,353,2020-10-08,7000
3336,353,2020-10-08,7000
3334,353,2020-10-08,7000
3331,353,2020-10-08,7000
3408,360,2021-11-03,5000
3407,360,2021-11-03,5000
2018,215,2020-05-17,5000
2036,215,2020-05-17,5000
2034,215,2020-05-17,5000
2026,215,2020-05-17,5000
2021,215,2020-05-17,5000
2028,215,2020-05-17,5000
2037,215,2020-05-17,5000
2024,215,2020-05-17,5000
2023,215,2020-05-17,5000
2033,215,2020-05-17,5000
2031,215,2020-05-17,5000
2035,215,2020-05-17,5000
2022,215,2020-05-17,5000
2025,215,2020-05-17,5000
2029,215,2020-05-17,5000
2027,215,2020-05-17,5000
2020,215,2020-05-17,5000
2030,215,2020-05-17,5000
2032,215,2020-05-17,5000
2019,215,2020-05-17,5000
2704,282,2020-05-13,5000
2699,282,2020-05-13,5000
2707,282,2020-05-13,5000
2693,282,2020-05-13,5000
2692,282,2020-05-13,5000
2703,282,2020-05-13,5000
2705,282,2020-05-13,5000
2688,282,2020-05-13,5000
2697,282,2020-05-13,5000
2698,282,2020-05-13,5000
2701,282,2020-05-13,5000
2702,282,2020-05-13,5000
2691,282,2020-05-13,5000
2694,282,2020-05-13,5000
2706,282,2020-05-13,5000
2689,282,2020-05-13,5000
2700,282,2020-05-13,5000
2695,282,2020-05-13,5000
2696,282,2020-05-13,5000
2690,282,2020-05-13,5000
3481,370,2021-11-14,6500
3480,370,2021-11-14,6500
779,82,2020-05-24,5500
765,82,2020-05-24,5500
780,82,2020-05-24,5500
763,82,2020-05-24,5500
781,82,2020-05-24,5500
766,82,2020-05-24,5500
767,82,2020-05-24,5500
777,82,2020-05-24,5500
770,82,2020-05-24,5500
771,82,2020-05-24,5500
774,82,2020-05-24,5500
775,82,2020-05-24,5500
776,82,2020-05-24,5500
762,82,2020-05-24,5500
764,82,2020-05-24,5500
778,82,2020-05-24,5500
768,82,2020-05-24,5500
773,82,2020-05-24,5500
769,82,2020-05-24,5500
772,82,2020-05-24,5500
2182,228,2021-11-14,6500
2183,228,2021-11-14,6500
2983,310,2021-01-19,5000
2988,310,2021-01-19,5000
2978,310,2021-01-19,5000
2989,310,2021-01-19,5000
2980,310,2021-01-19,5000
2984,310,2021-01-19,5000
2986,310,2021-01-19,5000
2981,310,2021-01-19,5000
2985,310,2021-01-19,5000
2979,310,2021-01-19,5000
2982,310,2021-01-19,5000
2987,310,2021-01-19,5000
2438,255,2021-05-08,8000
2440,255,2021-05-08,8000
2442,255,2021-05-08,8000
2436,255,2021-05-08,8000
2439,255,2021-05-08,8000
2443,255,2021-05-08,8000
2441,255,2021-05-08,8000
2437,255,2021-05-08,8000
2509,263,2021-05-31,5000
2515,263,2021-05-31,5000
2514,263,2021-05-31,5000
2510,263,2021-05-31,5000
2511,263,2021-05-31,5000
2508,263,2021-05-31,5000
2512,263,2021-05-31,5000
2513,263,2021-05-31,5000
141,12,2020-10-05,6500
137,12,2020-10-05,6500
133,12,2020-10-05,6500
129,12,2020-10-05,6500
127,12,2020-10-05,6500
138,12,2020-10-05,6500
131,12,2020-10-05,6500
128,12,2020-10-05,6500
132,12,2020-10-05,6500
135,12,2020-10-05,6500
134,12,2020-10-05,6500
130,12,2020-10-05,6500
136,12,2020-10-05,6500
139,12,2020-10-05,6500
140,12,2020-10-05,6500
283,27,2021-12-04,5500
929,99,2021-11-06,6500
930,99,2021-11-06,6500
2450,256,2021-03-01,6500
2451,256,2021-03-01,6500
2445,256,2021-03-01,6500
2452,256,2021-03-01,6500
2447,256,2021-03-01,6500
2453,256,2021-03-01,6500
2444,256,2021-03-01,6500
2448,256,2021-03-01,6500
2449,256,2021-03-01,6500
2446,256,2021-03-01,6500
884,92,2021-12-09,9500
1753,187,2021-05-06,5000
1759,187,2021-05-06,5000
1757,187,2021-05-06,5000
1754,187,2021-05-06,5000
1752,187,2021-05-06,5000
1755,187,2021-05-06,5000
1758,187,2021-05-06,5000
1756,187,2021-05-06,5000
1533,167,2020-12-19,3000
1528,167,2020-12-19,3000
1537,167,2020-12-19,3000
1534,167,2020-12-19,3000
1527,167,2020-12-19,3000
1539,167,2020-12-19,3000
1538,167,2020-12-19,3000
1532,167,2020-12-19,3000
1529,167,2020-12-19,3000
1536,167,2020-12-19,3000
1530,167,2020-12-19,3000
1535,167,2020-12-19,3000
1531,167,2020-12-19,3000
3440,366,2020-06-21,7000
3434,366,2020-06-21,7000
3433,366,2020-06-21,7000
3443,366,2020-06-21,7000
3445,366,2020-06-21,7000
3436,366,2020-06-21,7000
3447,366,2020-06-21,7000
3448,366,2020-06-21,7000
3432,366,2020-06-21,7000
3446,366,2020-06-21,7000
3444,366,2020-06-21,7000
3438,366,2020-06-21,7000
3441,366,2020-06-21,7000
3437,366,2020-06-21,7000
3435,366,2020-06-21,7000
3449,366,2020-06-21,7000
3450,366,2020-06-21,7000
3439,366,2020-06-21,7000
3442,366,2020-06-21,7000
3026,316,2021-04-22,5000
3024,316,2021-04-22,5000
3022,316,2021-04-22,5000
3028,316,2021-04-22,5000
3029,316,2021-04-22,5000
3021,316,2021-04-22,5000
3027,316,2021-04-22,5000
3025,316,2021-04-22,5000
3023,316,2021-04-22,5000
1590,172,2021-05-11,5000
1589,172,2021-05-11,5000
1588,172,2021-05-11,5000
1595,172,2021-05-11,5000
1592,172,2021-05-11,5000
1591,172,2021-05-11,5000
1594,172,2021-05-11,5000
1593,172,2021-05-11,5000
1618,174,2020-05-14,6500
1631,174,2020-05-14,6500
1615,174,2020-05-14,6500
1621,174,2020-05-14,6500
1616,174,2020-05-14,6500
1623,174,2020-05-14,6500
1626,174,2020-05-14,6500
1622,174,2020-05-14,6500
1619,174,2020-05-14,6500
1629,174,2020-05-14,6500
1614,174,2020-05-14,6500
1632,174,2020-05-14,6500
1625,174,2020-05-14,6500
1624,174,2020-05-14,6500
1620,174,2020-05-14,6500
1627,174,2020-05-14,6500
1617,174,2020-05-14,6500
1628,174,2020-05-14,6500
1633,174,2020-05-14,6500
1630,174,2020-05-14,6500
969,107,2021-08-13,7000
968,107,2021-08-13,7000
967,107,2021-08-13,7000
970,107,2021-08-13,7000
971,107,2021-08-13,7000
120,11,2020-05-15,8000
112,11,2020-05-15,8000
125,11,2020-05-15,8000
108,11,2020-05-15,8000
119,11,2020-05-15,8000
124,11,2020-05-15,8000
115,11,2020-05-15,8000
113,11,2020-05-15,8000
107,11,2020-05-15,8000
126,11,2020-05-15,8000
116,11,2020-05-15,8000
121,11,2020-05-15,8000
123,11,2020-05-15,8000
109,11,2020-05-15,8000
122,11,2020-05-15,8000
111,11,2020-05-15,8000
114,11,2020-05-15,8000
117,11,2020-05-15,8000
110,11,2020-05-15,8000
118,11,2020-05-15,8000
1493,161,2020-11-08,8000
1487,161,2020-11-08,8000
1492,161,2020-11-08,8000
1496,161,2020-11-08,8000
1497,161,2020-11-08,8000
1490,161,2020-11-08,8000
1495,161,2020-11-08,8000
1491,161,2020-11-08,8000
1484,161,2020-11-08,8000
1485,161,2020-11-08,8000
1489,161,2020-11-08,8000
1494,161,2020-11-08,8000
1488,161,2020-11-08,8000
1486,161,2020-11-08,8000
2056,216,2020-06-11,8000
2051,216,2020-06-11,8000
2050,216,2020-06-11,8000
2046,216,2020-06-11,8000
2053,216,2020-06-11,8000
2047,216,2020-06-11,8000
2045,216,2020-06-11,8000
2054,216,2020-06-11,8000
2055,216,2020-06-11,8000
2040,216,2020-06-11,8000
2041,216,2020-06-11,8000
2052,216,2020-06-11,8000
2049,216,2020-06-11,8000
2044,216,2020-06-11,8000
2038,216,2020-06-11,8000
2042,216,2020-06-11,8000
2039,216,2020-06-11,8000
2043,216,2020-06-11,8000
2048,216,2020-06-11,8000
3292,350,2020-10-07,6500
3279,350,2020-10-07,6500
3284,350,2020-10-07,6500
3278,350,2020-10-07,6500
3289,350,2020-10-07,6500
3280,350,2020-10-07,6500
3291,350,2020-10-07,6500
3283,350,2020-10-07,6500
3286,350,2020-10-07,6500
3282,350,2020-10-07,6500
3281,350,2020-10-07,6500
3285,350,2020-10-07,6500
3288,350,2020-10-07,6500
3287,350,2020-10-07,6500
3290,350,2020-10-07,6500
1341,144,2021-12-11,5000
2506,262,2020-10-04,5000
2501,262,2020-10-04,5000
2496,262,2020-10-04,5000
2498,262,2020-10-04,5000
2504,262,2020-10-04,5000
2502,262,2020-10-04,5000
2494,262,2020-10-04,5000
2499,262,2020-10-04,5000
2507,262,2020-10-04,5000
2497,262,2020-10-04,5000
2495,262,2020-10-04,5000
2493,262,2020-10-04,5000
2505,262,2020-10-04,5000
2503,262,2020-10-04,5000
2500,262,2020-10-04,5000
2963,309,2020-07-19,4500
2962,309,2020-07-19,4500
2974,309,2020-07-19,4500
2967,309,2020-07-19,4500
2961,309,2020-07-19,4500
2966,309,2020-07-19,4500
2970,309,2020-07-19,4500
2973,309,2020-07-19,4500
2975,309,2020-07-19,4500
2971,309,2020-07-19,4500
2972,309,2020-07-19,4500
2977,309,2020-07-19,4500
2964,309,2020-07-19,4500
2965,309,2020-07-19,4500
2976,309,2020-07-19,4500
2960,309,2020-07-19,4500
2969,309,2020-07-19,4500
2968,309,2020-07-19,4500
1974,208,2021-02-12,9500
1973,208,2021-02-12,9500
1970,208,2021-02-12,9500
1968,208,2021-02-12,9500
1969,208,2021-02-12,9500
1966,208,2021-02-12,9500
1972,208,2021-02-12,9500
1967,208,2021-02-12,9500
1971,208,2021-02-12,9500
1964,208,2021-02-12,9500
1965,208,2021-02-12,9500
155,14,2021-09-14,6500
152,14,2021-09-14,6500
153,14,2021-09-14,6500
154,14,2021-09-14,6500
849,88,2020-06-03,8000
840,88,2020-06-03,8000
839,88,2020-06-03,8000
844,88,2020-06-03,8000
857,88,2020-06-03,8000
854,88,2020-06-03,8000
850,88,2020-06-03,8000
848,88,2020-06-03,8000
856,88,2020-06-03,8000
847,88,2020-06-03,8000
853,88,2020-06-03,8000
855,88,2020-06-03,8000
842,88,2020-06-03,8000
852,88,2020-06-03,8000
841,88,2020-06-03,8000
851,88,2020-06-03,8000
846,88,2020-06-03,8000
843,88,2020-06-03,8000
845,88,2020-06-03,8000
2675,280,2021-03-10,4000
2677,280,2021-03-10,4000
2670,280,2021-03-10,4000
2676,280,2021-03-10,4000
2672,280,2021-03-10,4000
2669,280,2021-03-10,4000
2671,280,2021-03-10,4000
2678,280,2021-03-10,4000
2673,280,2021-03-10,4000
2674,280,2021-03-10,4000
1380,149,2021-08-12,9500
1379,149,2021-08-12,9500
1382,149,2021-08-12,9500
1381,149,2021-08-12,9500
1378,149,2021-08-12,9500
1269,138,2020-06-20,9500
1271,138,2020-06-20,9500
1272,138,2020-06-20,9500
1266,138,2020-06-20,9500
1280,138,2020-06-20,9500
1270,138,2020-06-20,9500
1267,138,2020-06-20,9500
1265,138,2020-06-20,9500
1273,138,2020-06-20,9500
1263,138,2020-06-20,9500
1281,138,2020-06-20,9500
1274,138,2020-06-20,9500
1276,138,2020-06-20,9500
1277,138,2020-06-20,9500
1268,138,2020-06-20,9500
1279,138,2020-06-20,9500
1278,138,2020-06-20,9500
1264,138,2020-06-20,9500
1275,138,2020-06-20,9500
1716,184,2020-05-08,3000
1715,184,2020-05-08,3000
1714,184,2020-05-08,3000
1713,184,2020-05-08,3000
1730,184,2020-05-08,3000
1726,184,2020-05-08,3000
1725,184,2020-05-08,3000
1712,184,2020-05-08,3000
1723,184,2020-05-08,3000
1721,184,2020-05-08,3000
1727,184,2020-05-08,3000
1718,184,2020-05-08,3000
1728,184,2020-05-08,3000
1729,184,2020-05-08,3000
1717,184,2020-05-08,3000
1720,184,2020-05-08,3000
1719,184,2020-05-08,3000
1724,184,2020-05-08,3000
1722,184,2020-05-08,3000
1711,184,2020-05-08,3000
1430,155,2021-09-30,8000
1431,155,2021-09-30,8000
1433,155,2021-09-30,8000
1432,155,2021-09-30,8000
2433,254,2020-10-14,8000
2422,254,2020-10-14,8000
2427,254,2020-10-14,8000
2426,254,2020-10-14,8000
2425,254,2020-10-14,8000
2429,254,2020-10-14,8000
2435,254,2020-10-14,8000
2423,254,2020-10-14,8000
2432,254,2020-10-14,8000
2431,254,2020-10-14,8000
2434,254,2020-10-14,8000
2428,254,2020-10-14,8000
2424,254,2020-10-14,8000
2430,254,2020-10-14,8000
2421,254,2020-10-14,8000
3056,320,2021-06-29,7500
3053,320,2021-06-29,7500
3057,320,2021-06-29,7500
3054,320,2021-06-29,7500
3055,320,2021-06-29,7500
3051,320,2021-06-29,7500
3052,320,2021-06-29,7500
2397,251,2021-10-19,5000
2396,251,2021-10-19,5000
2398,251,2021-10-19,5000
2640,277,2020-05-15,7000
2635,277,2020-05-15,7000
2627,277,2020-05-15,7000
2638,277,2020-05-15,7000
2632,277,2020-05-15,7000
2630,277,2020-05-15,7000
2631,277,2020-05-15,7000
2641,277,2020-05-15,7000
2642,277,2020-05-15,7000
2628,277,2020-05-15,7000
2637,277,2020-05-15,7000
2639,277,2020-05-15,7000
2629,277,2020-05-15,7000
2625,277,2020-05-15,7000
2626,277,2020-05-15,7000
2644,277,2020-05-15,7000
2643,277,2020-05-15,7000
2636,277,2020-05-15,7000
2634,277,2020-05-15,7000
2633,277,2020-05-15,7000
2160,226,2021-05-14,3500
2163,226,2021-05-14,3500
2162,226,2021-05-14,3500
2161,226,2021-05-14,3500
2164,226,2021-05-14,3500
2167,226,2021-05-14,3500
2165,226,2021-05-14,3500
2166,226,2021-05-14,3500
1647,176,2021-08-25,4000
1645,176,2021-08-25,4000
1644,176,2021-08-25,4000
1643,176,2021-08-25,4000
1646,176,2021-08-25,4000
718,75,2021-11-03,8000
717,75,2021-11-03,8000
234,22,2020-09-11,7000
227,22,2020-09-11,7000
240,22,2020-09-11,7000
242,22,2020-09-11,7000
232,22,2020-09-11,7000
231,22,2020-09-11,7000
241,22,2020-09-11,7000
230,22,2020-09-11,7000
235,22,2020-09-11,7000
237,22,2020-09-11,7000
236,22,2020-09-11,7000
239,22,2020-09-11,7000
238,22,2020-09-11,7000
229,22,2020-09-11,7000
228,22,2020-09-11,7000
233,22,2020-09-11,7000
2913,305,2021-05-24,8000
2912,305,2021-05-24,8000
2914,305,2021-05-24,8000
2918,305,2021-05-24,8000
2911,305,2021-05-24,8000
2915,305,2021-05-24,8000
2916,305,2021-05-24,8000
2917,305,2021-05-24,8000
1928,205,2021-11-09,7500
1929,205,2021-11-09,7500
1419,154,2020-10-23,4000
1416,154,2020-10-23,4000
1421,154,2020-10-23,4000
1423,154,2020-10-23,4000
1422,154,2020-10-23,4000
1429,154,2020-10-23,4000
1415,154,2020-10-23,4000
1427,154,2020-10-23,4000
1417,154,2020-10-23,4000
1426,154,2020-10-23,4000
1420,154,2020-10-23,4000
1425,154,2020-10-23,4000
1428,154,2020-10-23,4000
1424,154,2020-10-23,4000
1418,154,2020-10-23,4000
1576,170,2021-11-16,5000
1577,170,2021-11-16,5000
162,15,2021-04-26,3000
157,15,2021-04-26,3000
159,15,2021-04-26,3000
156,15,2021-04-26,3000
164,15,2021-04-26,3000
160,15,2021-04-26,3000
158,15,2021-04-26,3000
161,15,2021-04-26,3000
163,15,2021-04-26,3000
3224,342,2021-09-05,7500
3222,342,2021-09-05,7500
3223,342,2021-09-05,7500
3221,342,2021-09-05,7500
3261,348,2021-07-19,3000
3264,348,2021-07-19,3000
3262,348,2021-07-19,3000
3259,348,2021-07-19,3000
3263,348,2021-07-19,3000
3260,348,2021-07-19,3000
292,28,2020-12-20,7500
294,28,2020-12-20,7500
293,28,2020-12-20,7500
287,28,2020-12-20,7500
296,28,2020-12-20,7500
289,28,2020-12-20,7500
295,28,2020-12-20,7500
285,28,2020-12-20,7500
291,28,2020-12-20,7500
286,28,2020-12-20,7500
288,28,2020-12-20,7500
290,28,2020-12-20,7500
284,28,2020-12-20,7500
1205,133,2020-11-22,5500
1204,133,2020-11-22,5500
1203,133,2020-11-22,5500
1200,133,2020-11-22,5500
1198,133,2020-11-22,5500
1210,133,2020-11-22,5500
1199,133,2020-11-22,5500
1207,133,2020-11-22,5500
1202,133,2020-11-22,5500
1211,133,2020-11-22,5500
1208,133,2020-11-22,5500
1201,133,2020-11-22,5500
1206,133,2020-11-22,5500
1209,133,2020-11-22,5500
1055,116,2021-11-15,5000
1056,116,2021-11-15,5000
1986,212,2021-11-24,9500
1985,212,2021-11-24,9500
279,26,2021-02-02,7000
275,26,2021-02-02,7000
278,26,2021-02-02,7000
281,26,2021-02-02,7000
276,26,2021-02-02,7000
277,26,2021-02-02,7000
273,26,2021-02-02,7000
274,26,2021-02-02,7000
272,26,2021-02-02,7000
280,26,2021-02-02,7000
282,26,2021-02-02,7000
1498,162,2021-11-29,4500
1499,162,2021-11-29,4500
3132,331,2021-03-13,7000
3135,331,2021-03-13,7000
3127,331,2021-03-13,7000
3128,331,2021-03-13,7000
3126,331,2021-03-13,7000
3133,331,2021-03-13,7000
3134,331,2021-03-13,7000
3129,331,2021-03-13,7000
3130,331,2021-03-13,7000
3131,331,2021-03-13,7000
214,20,2020-07-21,5500
219,20,2020-07-21,5500
217,20,2020-07-21,5500
208,20,2020-07-21,5500
210,20,2020-07-21,5500
205,20,2020-07-21,5500
212,20,2020-07-21,5500
211,20,2020-07-21,5500
207,20,2020-07-21,5500
202,20,2020-07-21,5500
203,20,2020-07-21,5500
209,20,2020-07-21,5500
204,20,2020-07-21,5500
216,20,2020-07-21,5500
218,20,2020-07-21,5500
213,20,2020-07-21,5500
206,20,2020-07-21,5500
215,20,2020-07-21,5500
1933,206,2020-09-19,9500
1937,206,2020-09-19,9500
1944,206,2020-09-19,9500
1931,206,2020-09-19,9500
1936,206,2020-09-19,9500
1934,206,2020-09-19,9500
1941,206,2020-09-19,9500
1935,206,2020-09-19,9500
1942,206,2020-09-19,9500
1930,206,2020-09-19,9500
1932,206,2020-09-19,9500
1939,206,2020-09-19,9500
1943,206,2020-09-19,9500
1940,206,2020-09-19,9500
1945,206,2020-09-19,9500
1938,206,2020-09-19,9500
1025,113,2021-10-23,5000
1026,113,2021-10-23,5000
1024,113,2021-10-23,5000
2455,257,2021-06-23,5000
2456,257,2021-06-23,5000
2460,257,2021-06-23,5000
2459,257,2021-06-23,5000
2458,257,2021-06-23,5000
2454,257,2021-06-23,5000
2457,257,2021-06-23,5000
696,72,2021-07-02,5000
698,72,2021-07-02,5000
697,72,2021-07-02,5000
700,72,2021-07-02,5000
699,72,2021-07-02,5000
695,72,2021-07-02,5000
646,66,2021-08-15,6500
642,66,2021-08-15,6500
644,66,2021-08-15,6500
643,66,2021-08-15,6500
645,66,2021-08-15,6500
2887,302,2020-09-13,6500
2893,302,2020-09-13,6500
2888,302,2020-09-13,6500
2885,302,2020-09-13,6500
2900,302,2020-09-13,6500
2898,302,2020-09-13,6500
2891,302,2020-09-13,6500
2890,302,2020-09-13,6500
2892,302,2020-09-13,6500
2899,302,2020-09-13,6500
2889,302,2020-09-13,6500
2897,302,2020-09-13,6500
2886,302,2020-09-13,6500
2896,302,2020-09-13,6500
2895,302,2020-09-13,6500
2894,302,2020-09-13,6500
617,62,2021-12-06,4500
1157,128,2021-11-28,6500
1156,128,2021-11-28,6500
2908,304,2021-08-08,6500
2909,304,2021-08-08,6500
2910,304,2021-08-08,6500
2906,304,2021-08-08,6500
2907,304,2021-08-08,6500
1480,160,2021-09-28,7500
1482,160,2021-09-28,7500
1481,160,2021-09-28,7500
1483,160,2021-09-28,7500
1547,168,2020-08-05,5500
1554,168,2020-08-05,5500
1541,168,2020-08-05,5500
1546,168,2020-08-05,5500
1542,168,2020-08-05,5500
1543,168,2020-08-05,5500
1548,168,2020-08-05,5500
1553,168,2020-08-05,5500
1545,168,2020-08-05,5500
1540,168,2020-08-05,5500
1555,168,2020-08-05,5500
1556,168,2020-08-05,5500
1549,168,2020-08-05,5500
1544,168,2020-08-05,5500
1552,168,2020-08-05,5500
1550,168,2020-08-05,5500
1551,168,2020-08-05,5500
3424,364,2021-09-27,4000
3425,364,2021-09-27,4000
3426,364,2021-09-27,4000
3427,364,2021-09-27,4000
1258,137,2021-02-04,6500
1253,137,2021-02-04,6500
1261,137,2021-02-04,6500
1255,137,2021-02-04,6500
1256,137,2021-02-04,6500
1254,137,2021-02-04,6500
1259,137,2021-02-04,6500
1257,137,2021-02-04,6500
1252,137,2021-02-04,6500
1260,137,2021-02-04,6500
1262,137,2021-02-04,6500
170,17,2021-04-16,4000
168,17,2021-04-16,4000
169,17,2021-04-16,4000
172,17,2021-04-16,4000
174,17,2021-04-16,4000
173,17,2021-04-16,4000
175,17,2021-04-16,4000
171,17,2021-04-16,4000
176,17,2021-04-16,4000
3148,333,2020-11-06,9500
3138,333,2020-11-06,9500
3139,333,2020-11-06,9500
3147,333,2020-11-06,9500
3143,333,2020-11-06,9500
3150,333,2020-11-06,9500
3144,333,2020-11-06,9500
3151,333,2020-11-06,9500
3146,333,2020-11-06,9500
3145,333,2020-11-06,9500
3141,333,2020-11-06,9500
3140,333,2020-11-06,9500
3142,333,2020-11-06,9500
3149,333,2020-11-06,9500
2490,260,2021-12-15,5000
2622,276,2020-06-10,6500
2615,276,2020-06-10,6500
2608,276,2020-06-10,6500
2616,276,2020-06-10,6500
2618,276,2020-06-10,6500
2619,276,2020-06-10,6500
2606,276,2020-06-10,6500
2623,276,2020-06-10,6500
2611,276,2020-06-10,6500
2614,276,2020-06-10,6500
2609,276,2020-06-10,6500
2612,276,2020-06-10,6500
2617,276,2020-06-10,6500
2624,276,2020-06-10,6500
2621,276,2020-06-10,6500
2620,276,2020-06-10,6500
2610,276,2020-06-10,6500
2607,276,2020-06-10,6500
2613,276,2020-06-10,6500
2337,242,2021-08-01,6500
2338,242,2021-08-01,6500
2340,242,2021-08-01,6500
2339,242,2021-08-01,6500
2336,242,2021-08-01,6500
2814,292,2020-05-18,6500
2803,292,2020-05-18,6500
2807,292,2020-05-18,6500
2810,292,2020-05-18,6500
2802,292,2020-05-18,6500
2805,292,2020-05-18,6500
2798,292,2020-05-18,6500
2797,292,2020-05-18,6500
2806,292,2020-05-18,6500
2800,292,2020-05-18,6500
2811,292,2020-05-18,6500
2796,292,2020-05-18,6500
2804,292,2020-05-18,6500
2813,292,2020-05-18,6500
2808,292,2020-05-18,6500
2799,292,2020-05-18,6500
2801,292,2020-05-18,6500
2809,292,2020-05-18,6500
2795,292,2020-05-18,6500
2812,292,2020-05-18,6500
1671,179,2020-06-08,3000
1666,179,2020-06-08,3000
1659,179,2020-06-08,3000
1664,179,2020-06-08,3000
1661,179,2020-06-08,3000
1662,179,2020-06-08,3000
1660,179,2020-06-08,3000
1670,179,2020-06-08,3000
1663,179,2020-06-08,3000
1653,179,2020-06-08,3000
1654,179,2020-06-08,3000
1669,179,2020-06-08,3000
1656,179,2020-06-08,3000
1657,179,2020-06-08,3000
1668,179,2020-06-08,3000
1658,179,2020-06-08,3000
1667,179,2020-06-08,3000
1665,179,2020-06-08,3000
1655,179,2020-06-08,3000
2467,258,2021-03-07,5500
2463,258,2021-03-07,5500
2461,258,2021-03-07,5500
2470,258,2021-03-07,5500
2464,258,2021-03-07,5500
2466,258,2021-03-07,5500
2468,258,2021-03-07,5500
2465,258,2021-03-07,5500
2462,258,2021-03-07,5500
2469,258,2021-03-07,5500
3400,359,2021-03-01,5000
3399,359,2021-03-01,5000
3404,359,2021-03-01,5000
3401,359,2021-03-01,5000
3406,359,2021-03-01,5000
3402,359,2021-03-01,5000
3398,359,2021-03-01,5000
3405,359,2021-03-01,5000
3403,359,2021-03-01,5000
3397,359,2021-03-01,5000
2564,270,2021-09-18,5000
2565,270,2021-09-18,5000
2563,270,2021-09-18,5000
2566,270,2021-09-18,5000
2211,231,2021-01-22,9500
2206,231,2021-01-22,9500
2212,231,2021-01-22,9500
2207,231,2021-01-22,9500
2213,231,2021-01-22,9500
2209,231,2021-01-22,9500
2204,231,2021-01-22,9500
2210,231,2021-01-22,9500
2203,231,2021-01-22,9500
2202,231,2021-01-22,9500
2205,231,2021-01-22,9500
2208,231,2021-01-22,9500
3031,317,2021-11-07,6500
3030,317,2021-11-07,6500
1222,135,2020-05-16,3000
1234,135,2020-05-16,3000
1232,135,2020-05-16,3000
1240,135,2020-05-16,3000
1226,135,2020-05-16,3000
1224,135,2020-05-16,3000
1227,135,2020-05-16,3000
1230,135,2020-05-16,3000
1236,135,2020-05-16,3000
1239,135,2020-05-16,3000
1235,135,2020-05-16,3000
1228,135,2020-05-16,3000
1237,135,2020-05-16,3000
1233,135,2020-05-16,3000
1238,135,2020-05-16,3000
1225,135,2020-05-16,3000
1229,135,2020-05-16,3000
1231,135,2020-05-16,3000
1223,135,2020-05-16,3000
1221,135,2020-05-16,3000
1062,118,2021-09-12,9500
1060,118,2021-09-12,9500
1063,118,2021-09-12,9500
1061,118,2021-09-12,9500
3191,338,2020-11-16,5000
3193,338,2020-11-16,5000
3195,338,2020-11-16,5000
3197,338,2020-11-16,5000
3200,338,2020-11-16,5000
3194,338,2020-11-16,5000
3188,338,2020-11-16,5000
3189,338,2020-11-16,5000
3196,338,2020-11-16,5000
3199,338,2020-11-16,5000
3198,338,2020-11-16,5000
3192,338,2020-11-16,5000
3190,338,2020-11-16,5000
3187,338,2020-11-16,5000
2228,233,2020-08-09,8500
2241,233,2020-08-09,8500
2232,233,2020-08-09,8500
2234,233,2020-08-09,8500
2239,233,2020-08-09,8500
2229,233,2020-08-09,8500
2240,233,2020-08-09,8500
2236,233,2020-08-09,8500
2231,233,2020-08-09,8500
2237,233,2020-08-09,8500
2238,233,2020-08-09,8500
2243,233,2020-08-09,8500
2235,233,2020-08-09,8500
2230,233,2020-08-09,8500
2242,233,2020-08-09,8500
2233,233,2020-08-09,8500
2244,233,2020-08-09,8500
1338,143,2021-08-10,8000
1340,143,2021-08-10,8000
1337,143,2021-08-10,8000
1339,143,2021-08-10,8000
1336,143,2021-08-10,8000
2059,218,2020-09-19,6500
2062,218,2020-09-19,6500
2066,218,2020-09-19,6500
2064,218,2020-09-19,6500
2061,218,2020-09-19,6500
2069,218,2020-09-19,6500
2070,218,2020-09-19,6500
2068,218,2020-09-19,6500
2063,218,2020-09-19,6500
2067,218,2020-09-19,6500
2072,218,2020-09-19,6500
2073,218,2020-09-19,6500
2065,218,2020-09-19,6500
2058,218,2020-09-19,6500
2071,218,2020-09-19,6500
2060,218,2020-09-19,6500
1320,141,2021-10-09,5000
1322,141,2021-10-09,5000
1321,141,2021-10-09,5000
2570,272,2021-02-11,9500
2569,272,2021-02-11,9500
2577,272,2021-02-11,9500
2572,272,2021-02-11,9500
2573,272,2021-02-11,9500
2576,272,2021-02-11,9500
2575,272,2021-02-11,9500
2574,272,2021-02-11,9500
2578,272,2021-02-11,9500
2571,272,2021-02-11,9500
2568,272,2021-02-11,9500
29,4,2021-08-24,7000
25,4,2021-08-24,7000
27,4,2021-08-24,7000
26,4,2021-08-24,7000
28,4,2021-08-24,7000
3065,323,2021-11-23,8500
3064,323,2021-11-23,8500
359,35,2021-10-31,8000
360,35,2021-10-31,8000
361,35,2021-10-31,8000
564,54,2020-05-25,5000
568,54,2020-05-25,5000
556,54,2020-05-25,5000
552,54,2020-05-25,5000
565,54,2020-05-25,5000
553,54,2020-05-25,5000
567,54,2020-05-25,5000
559,54,2020-05-25,5000
561,54,2020-05-25,5000
562,54,2020-05-25,5000
558,54,2020-05-25,5000
563,54,2020-05-25,5000
560,54,2020-05-25,5000
555,54,2020-05-25,5000
551,54,2020-05-25,5000
550,54,2020-05-25,5000
549,54,2020-05-25,5000
566,54,2020-05-25,5000
554,54,2020-05-25,5000
557,54,2020-05-25,5000
1367,147,2021-02-06,9500
1370,147,2021-02-06,9500
1369,147,2021-02-06,9500
1366,147,2021-02-06,9500
1364,147,2021-02-06,9500
1371,147,2021-02-06,9500
1368,147,2021-02-06,9500
1373,147,2021-02-06,9500
1372,147,2021-02-06,9500
1365,147,2021-02-06,9500
1363,147,2021-02-06,9500
576,57,2021-09-11,9500
573,57,2021-09-11,9500
575,57,2021-09-11,9500
574,57,2021-09-11,9500
1184,131,2021-04-27,4000
1185,131,2021-04-27,4000
1183,131,2021-04-27,4000
1186,131,2021-04-27,4000
1190,131,2021-04-27,4000
1189,131,2021-04-27,4000
1191,131,2021-04-27,4000
1187,131,2021-04-27,4000
1188,131,2021-04-27,4000
1852,198,2021-01-05,6500
1849,198,2021-01-05,6500
1851,198,2021-01-05,6500
1859,198,2021-01-05,6500
1853,198,2021-01-05,6500
1858,198,2021-01-05,6500
1854,198,2021-01-05,6500
1857,198,2021-01-05,6500
1855,198,2021-01-05,6500
1850,198,2021-01-05,6500
1848,198,2021-01-05,6500
1856,198,2021-01-05,6500
3362,356,2020-06-16,3500
3380,356,2020-06-16,3500
3365,356,2020-06-16,3500
3373,356,2020-06-16,3500
3372,356,2020-06-16,3500
3375,356,2020-06-16,3500
3368,356,2020-06-16,3500
3369,356,2020-06-16,3500
3371,356,2020-06-16,3500
3376,356,2020-06-16,3500
3374,356,2020-06-16,3500
3364,356,2020-06-16,3500
3377,356,2020-06-16,3500
3379,356,2020-06-16,3500
3366,356,2020-06-16,3500
3378,356,2020-06-16,3500
3370,356,2020-06-16,3500
3363,356,2020-06-16,3500
3367,356,2020-06-16,3500
2730,285,2020-12-11,9500
2725,285,2020-12-11,9500
2729,285,2020-12-11,9500
2726,285,2020-12-11,9500
2727,285,2020-12-11,9500
2723,285,2020-12-11,9500
2728,285,2020-12-11,9500
2724,285,2020-12-11,9500
2733,285,2020-12-11,9500
2732,285,2020-12-11,9500
2722,285,2020-12-11,9500
2734,285,2020-12-11,9500
2731,285,2020-12-11,9500
723,77,2021-10-21,5000
725,77,2021-10-21,5000
724,77,2021-10-21,5000
2602,275,2021-05-18,8500
2605,275,2021-05-18,8500
2598,275,2021-05-18,8500
2599,275,2021-05-18,8500
2601,275,2021-05-18,8500
2604,275,2021-05-18,8500
2600,275,2021-05-18,8500
2603,275,2021-05-18,8500
1084,120,2020-07-09,5500
1079,120,2020-07-09,5500
1076,120,2020-07-09,5500
1082,120,2020-07-09,5500
1088,120,2020-07-09,5500
1090,120,2020-07-09,5500
1073,120,2020-07-09,5500
1083,120,2020-07-09,5500
1074,120,2020-07-09,5500
1081,120,2020-07-09,5500
1080,120,2020-07-09,5500
1078,120,2020-07-09,5500
1089,120,2020-07-09,5500
1087,120,2020-07-09,5500
1075,120,2020-07-09,5500
1085,120,2020-07-09,5500
1077,120,2020-07-09,5500
1086,120,2020-07-09,5500
1674,180,2020-09-27,7500
1679,180,2020-09-27,7500
1683,180,2020-09-27,7500
1676,180,2020-09-27,7500
1685,180,2020-09-27,7500
1684,180,2020-09-27,7500
1677,180,2020-09-27,7500
1680,180,2020-09-27,7500
1687,180,2020-09-27,7500
1682,180,2020-09-27,7500
1686,180,2020-09-27,7500
1673,180,2020-09-27,7500
1675,180,2020-09-27,7500
1681,180,2020-09-27,7500
1672,180,2020-09-27,7500
1678,180,2020-09-27,7500
2091,221,2021-01-10,5000
2093,221,2021-01-10,5000
2102,221,2021-01-10,5000
2092,221,2021-01-10,5000
2096,221,2021-01-10,5000
2095,221,2021-01-10,5000
2099,221,2021-01-10,5000
2100,221,2021-01-10,5000
2094,221,2021-01-10,5000
2101,221,2021-01-10,5000
2097,221,2021-01-10,5000
2098,221,2021-01-10,5000
2844,297,2021-08-04,3500
2840,297,2021-08-04,3500
2842,297,2021-08-04,3500
2843,297,2021-08-04,3500
2841,297,2021-08-04,3500
2596,274,2021-01-19,5000
2591,274,2021-01-19,5000
2590,274,2021-01-19,5000
2597,274,2021-01-19,5000
2592,274,2021-01-19,5000
2588,274,2021-01-19,5000
2595,274,2021-01-19,5000
2586,274,2021-01-19,5000
2594,274,2021-01-19,5000
2587,274,2021-01-19,5000
2593,274,2021-01-19,5000
2589,274,2021-01-19,5000
1563,169,2020-06-08,6500
1566,169,2020-06-08,6500
1564,169,2020-06-08,6500
1575,169,2020-06-08,6500
1558,169,2020-06-08,6500
1562,169,2020-06-08,6500
1570,169,2020-06-08,6500
1560,169,2020-06-08,6500
1565,169,2020-06-08,6500
1573,169,2020-06-08,6500
1561,169,2020-06-08,6500
1569,169,2020-06-08,6500
1572,169,2020-06-08,6500
1574,169,2020-06-08,6500
1559,169,2020-06-08,6500
1557,169,2020-06-08,6500
1568,169,2020-06-08,6500
1571,169,2020-06-08,6500
1567,169,2020-06-08,6500
2292,237,2020-11-09,3000
2299,237,2020-11-09,3000
2293,237,2020-11-09,3000
2295,237,2020-11-09,3000
2302,237,2020-11-09,3000
2300,237,2020-11-09,3000
2296,237,2020-11-09,3000
2294,237,2020-11-09,3000
2291,237,2020-11-09,3000
2301,237,2020-11-09,3000
2303,237,2020-11-09,3000
2290,237,2020-11-09,3000
2297,237,2020-11-09,3000
2298,237,2020-11-09,3000
541,53,2021-02-21,5500
540,53,2021-02-21,5500
538,53,2021-02-21,5500
545,53,2021-02-21,5500
548,53,2021-02-21,5500
539,53,2021-02-21,5500
543,53,2021-02-21,5500
546,53,2021-02-21,5500
544,53,2021-02-21,5500
542,53,2021-02-21,5500
547,53,2021-02-21,5500
2567,271,2021-12-07,4000
375,37,2021-10-03,9500
376,37,2021-10-03,9500
374,37,2021-10-03,9500
2112,223,2020-06-15,5000
2125,223,2020-06-15,5000
2111,223,2020-06-15,5000
2113,223,2020-06-15,5000
2121,223,2020-06-15,5000
2120,223,2020-06-15,5000
2118,223,2020-06-15,5000
2126,223,2020-06-15,5000
2114,223,2020-06-15,5000
2109,223,2020-06-15,5000
2122,223,2020-06-15,5000
2119,223,2020-06-15,5000
2117,223,2020-06-15,5000
2124,223,2020-06-15,5000
2123,223,2020-06-15,5000
2110,223,2020-06-15,5000
2116,223,2020-06-15,5000
2108,223,2020-06-15,5000
2115,223,2020-06-15,5000
830,87,2020-09-23,5500
829,87,2020-09-23,5500
838,87,2020-09-23,5500
831,87,2020-09-23,5500
824,87,2020-09-23,5500
834,87,2020-09-23,5500
825,87,2020-09-23,5500
828,87,2020-09-23,5500
837,87,2020-09-23,5500
836,87,2020-09-23,5500
835,87,2020-09-23,5500
827,87,2020-09-23,5500
833,87,2020-09-23,5500
823,87,2020-09-23,5500
832,87,2020-09-23,5500
826,87,2020-09-23,5500
3229,343,2021-06-26,6500
3230,343,2021-06-26,6500
3231,343,2021-06-26,6500
3225,343,2021-06-26,6500
3227,343,2021-06-26,6500
3226,343,2021-06-26,6500
3228,343,2021-06-26,6500
687,70,2021-10-03,8000
688,70,2021-10-03,8000
689,70,2021-10-03,8000
782,83,2020-09-01,5000
797,83,2020-09-01,5000
784,83,2020-09-01,5000
795,83,2020-09-01,5000
786,83,2020-09-01,5000
789,83,2020-09-01,5000
790,83,2020-09-01,5000
792,83,2020-09-01,5000
787,83,2020-09-01,5000
796,83,2020-09-01,5000
785,83,2020-09-01,5000
791,83,2020-09-01,5000
788,83,2020-09-01,5000
794,83,2020-09-01,5000
783,83,2020-09-01,5000
793,83,2020-09-01,5000
1610,173,2020-07-04,9500
1606,173,2020-07-04,9500
1612,173,2020-07-04,9500
1603,173,2020-07-04,9500
1602,173,2020-07-04,9500
1605,173,2020-07-04,9500
1600,173,2020-07-04,9500
1598,173,2020-07-04,9500
1601,173,2020-07-04,9500
1604,173,2020-07-04,9500
1596,173,2020-07-04,9500
1613,173,2020-07-04,9500
1609,173,2020-07-04,9500
1597,173,2020-07-04,9500
1611,173,2020-07-04,9500
1607,173,2020-07-04,9500
1599,173,2020-07-04,9500
1608,173,2020-07-04,9500
3255,346,2020-08-14,5000
3248,346,2020-08-14,5000
3243,346,2020-08-14,5000
3242,346,2020-08-14,5000
3246,346,2020-08-14,5000
3254,346,2020-08-14,5000
3244,346,2020-08-14,5000
3252,346,2020-08-14,5000
3249,346,2020-08-14,5000
3253,346,2020-08-14,5000
3256,346,2020-08-14,5000
3241,346,2020-08-14,5000
3257,346,2020-08-14,5000
3251,346,2020-08-14,5000
3247,346,2020-08-14,5000
3250,346,2020-08-14,5000
3245,346,2020-08-14,5000
1294,139,2020-07-05,6500
1292,139,2020-07-05,6500
1295,139,2020-07-05,6500
1290,139,2020-07-05,6500
1298,139,2020-07-05,6500
1283,139,2020-07-05,6500
1296,139,2020-07-05,6500
1287,139,2020-07-05,6500
1285,139,2020-07-05,6500
1293,139,2020-07-05,6500
1288,139,2020-07-05,6500
1291,139,2020-07-05,6500
1289,139,2020-07-05,6500
1299,139,2020-07-05,6500
1282,139,2020-07-05,6500
1286,139,2020-07-05,6500
1284,139,2020-07-05,6500
1297,139,2020-07-05,6500
1312,140,2020-05-26,5000
1307,140,2020-05-26,5000
1314,140,2020-05-26,5000
1303,140,2020-05-26,5000
1308,140,2020-05-26,5000
1313,140,2020-05-26,5000
1300,140,2020-05-26,5000
1317,140,2020-05-26,5000
1309,140,2020-05-26,5000
1311,140,2020-05-26,5000
1306,140,2020-05-26,5000
1302,140,2020-05-26,5000
1318,140,2020-05-26,5000
1315,140,2020-05-26,5000
1304,140,2020-05-26,5000
1301,140,2020-05-26,5000
1305,140,2020-05-26,5000
1319,140,2020-05-26,5000
1310,140,2020-05-26,5000
1316,140,2020-05-26,5000
712,73,2021-01-10,5500
711,73,2021-01-10,5500
707,73,2021-01-10,5500
706,73,2021-01-10,5500
710,73,2021-01-10,5500
703,73,2021-01-10,5500
704,73,2021-01-10,5500
701,73,2021-01-10,5500
702,73,2021-01-10,5500
708,73,2021-01-10,5500
709,73,2021-01-10,5500
705,73,2021-01-10,5500
144,13,2021-03-24,5000
151,13,2021-03-24,5000
146,13,2021-03-24,5000
145,13,2021-03-24,5000
148,13,2021-03-24,5000
147,13,2021-03-24,5000
150,13,2021-03-24,5000
143,13,2021-03-24,5000
142,13,2021-03-24,5000
149,13,2021-03-24,5000
2365,247,2020-07-08,5000
2373,247,2020-07-08,5000
2360,247,2020-07-08,5000
2368,247,2020-07-08,5000
2367,247,2020-07-08,5000
2362,247,2020-07-08,5000
2371,247,2020-07-08,5000
2363,247,2020-07-08,5000
2358,247,2020-07-08,5000
2364,247,2020-07-08,5000
2374,247,2020-07-08,5000
2366,247,2020-07-08,5000
2359,247,2020-07-08,5000
2361,247,2020-07-08,5000
2370,247,2020-07-08,5000
2372,247,2020-07-08,5000
2369,247,2020-07-08,5000
2357,247,2020-07-08,5000
76,9,2020-10-31,5000
78,9,2020-10-31,5000
86,9,2020-10-31,5000
87,9,2020-10-31,5000
75,9,2020-10-31,5000
80,9,2020-10-31,5000
89,9,2020-10-31,5000
84,9,2020-10-31,5000
88,9,2020-10-31,5000
81,9,2020-10-31,5000
82,9,2020-10-31,5000
77,9,2020-10-31,5000
79,9,2020-10-31,5000
85,9,2020-10-31,5000
83,9,2020-10-31,5000
731,78,2020-09-18,5000
738,78,2020-09-18,5000
729,78,2020-09-18,5000
739,78,2020-09-18,5000
734,78,2020-09-18,5000
741,78,2020-09-18,5000
730,78,2020-09-18,5000
728,78,2020-09-18,5000
740,78,2020-09-18,5000
732,78,2020-09-18,5000
735,78,2020-09-18,5000
726,78,2020-09-18,5000
727,78,2020-09-18,5000
733,78,2020-09-18,5000
737,78,2020-09-18,5000
736,78,2020-09-18,5000
3108,329,2021-04-20,5000
3109,329,2021-04-20,5000
3113,329,2021-04-20,5000
3106,329,2021-04-20,5000
3112,329,2021-04-20,5000
3110,329,2021-04-20,5000
3105,329,2021-04-20,5000
3107,329,2021-04-20,5000
3111,329,2021-04-20,5000
3168,336,2021-03-10,4500
3174,336,2021-03-10,4500
3175,336,2021-03-10,4500
3169,336,2021-03-10,4500
3171,336,2021-03-10,4500
3173,336,2021-03-10,4500
3172,336,2021-03-10,4500
3176,336,2021-03-10,4500
3167,336,2021-03-10,4500
3170,336,2021-03-10,4500
3394,358,2020-11-26,5000
3389,358,2020-11-26,5000
3388,358,2020-11-26,5000
3391,358,2020-11-26,5000
3392,358,2020-11-26,5000
3390,358,2020-11-26,5000
3393,358,2020-11-26,5000
3395,358,2020-11-26,5000
3383,358,2020-11-26,5000
3386,358,2020-11-26,5000
3385,358,2020-11-26,5000
3396,358,2020-11-26,5000
3387,358,2020-11-26,5000
3384,358,2020-11-26,5000
1101,122,2021-04-11,5000
1105,122,2021-04-11,5000
1107,122,2021-04-11,5000
1103,122,2021-04-11,5000
1100,122,2021-04-11,5000
1104,122,2021-04-11,5000
1108,122,2021-04-11,5000
1102,122,2021-04-11,5000
1106,122,2021-04-11,5000
3115,330,2021-01-01,8000
3118,330,2021-01-01,8000
3119,330,2021-01-01,8000
3116,330,2021-01-01,8000
3125,330,2021-01-01,8000
3117,330,2021-01-01,8000
3122,330,2021-01-01,8000
3124,330,2021-01-01,8000
3120,330,2021-01-01,8000
3114,330,2021-01-01,8000
3123,330,2021-01-01,8000
3121,330,2021-01-01,8000
518,51,2020-05-03,7000
532,51,2020-05-03,7000
516,51,2020-05-03,7000
533,51,2020-05-03,7000
517,51,2020-05-03,7000
523,51,2020-05-03,7000
528,51,2020-05-03,7000
524,51,2020-05-03,7000
521,51,2020-05-03,7000
527,51,2020-05-03,7000
525,51,2020-05-03,7000
530,51,2020-05-03,7000
519,51,2020-05-03,7000
529,51,2020-05-03,7000
526,51,2020-05-03,7000
531,51,2020-05-03,7000
520,51,2020-05-03,7000
522,51,2020-05-03,7000
534,51,2020-05-03,7000
535,51,2020-05-03,7000
2410,252,2020-05-22,5500
2404,252,2020-05-22,5500
2414,252,2020-05-22,5500
2417,252,2020-05-22,5500
2409,252,2020-05-22,5500
2403,252,2020-05-22,5500
2401,252,2020-05-22,5500
2411,252,2020-05-22,5500
2405,252,2020-05-22,5500
2416,252,2020-05-22,5500
2415,252,2020-05-22,5500
2400,252,2020-05-22,5500
2406,252,2020-05-22,5500
2408,252,2020-05-22,5500
2412,252,2020-05-22,5500
2399,252,2020-05-22,5500
2418,252,2020-05-22,5500
2413,252,2020-05-22,5500
2402,252,2020-05-22,5500
2407,252,2020-05-22,5500
386,39,2020-06-10,4000
394,39,2020-06-10,4000
389,39,2020-06-10,4000
390,39,2020-06-10,4000
385,39,2020-06-10,4000
388,39,2020-06-10,4000
383,39,2020-06-10,4000
397,39,2020-06-10,4000
400,39,2020-06-10,4000
396,39,2020-06-10,4000
382,39,2020-06-10,4000
387,39,2020-06-10,4000
384,39,2020-06-10,4000
395,39,2020-06-10,4000
398,39,2020-06-10,4000
399,39,2020-06-10,4000
391,39,2020-06-10,4000
392,39,2020-06-10,4000
393,39,2020-06-10,4000
943,100,2020-11-07,3000
938,100,2020-11-07,3000
934,100,2020-11-07,3000
939,100,2020-11-07,3000
937,100,2020-11-07,3000
932,100,2020-11-07,3000
944,100,2020-11-07,3000
942,100,2020-11-07,3000
936,100,2020-11-07,3000
941,100,2020-11-07,3000
935,100,2020-11-07,3000
933,100,2020-11-07,3000
931,100,2020-11-07,3000
940,100,2020-11-07,3000
3238,345,2021-07-04,5000
3239,345,2021-07-04,5000
3240,345,2021-07-04,5000
3237,345,2021-07-04,5000
3235,345,2021-07-04,5000
3236,345,2021-07-04,5000
2473,259,2020-06-06,9500
2474,259,2020-06-06,9500
2488,259,2020-06-06,9500
2471,259,2020-06-06,9500
2479,259,2020-06-06,9500
2478,259,2020-06-06,9500
2486,259,2020-06-06,9500
2482,259,2020-06-06,9500
2484,259,2020-06-06,9500
2481,259,2020-06-06,9500
2485,259,2020-06-06,9500
2475,259,2020-06-06,9500
2483,259,2020-06-06,9500
2476,259,2020-06-06,9500
2487,259,2020-06-06,9500
2480,259,2020-06-06,9500
2472,259,2020-06-06,9500
2489,259,2020-06-06,9500
2477,259,2020-06-06,9500
1377,148,2021-09-24,4000
1376,148,2021-09-24,4000
1374,148,2021-09-24,4000
1375,148,2021-09-24,4000
346,33,2021-07-23,6500
349,33,2021-07-23,6500
345,33,2021-07-23,6500
344,33,2021-07-23,6500
347,33,2021-07-23,6500
348,33,2021-07-23,6500
410,40,2020-10-05,5000
401,40,2020-10-05,5000
414,40,2020-10-05,5000
405,40,2020-10-05,5000
402,40,2020-10-05,5000
415,40,2020-10-05,5000
403,40,2020-10-05,5000
412,40,2020-10-05,5000
408,40,2020-10-05,5000
404,40,2020-10-05,5000
406,40,2020-10-05,5000
411,40,2020-10-05,5000
413,40,2020-10-05,5000
407,40,2020-10-05,5000
409,40,2020-10-05,5000
569,55,2021-12-19,5000
3345,354,2020-12-18,7500
3347,354,2020-12-18,7500
3343,354,2020-12-18,7500
3351,354,2020-12-18,7500
3344,354,2020-12-18,7500
3349,354,2020-12-18,7500
3348,354,2020-12-18,7500
3350,354,2020-12-18,7500
3352,354,2020-12-18,7500
3346,354,2020-12-18,7500
3353,354,2020-12-18,7500
3354,354,2020-12-18,7500
3355,354,2020-12-18,7500
249,23,2021-05-14,6500
246,23,2021-05-14,6500
248,23,2021-05-14,6500
243,23,2021-05-14,6500
250,23,2021-05-14,6500
245,23,2021-05-14,6500
247,23,2021-05-14,6500
244,23,2021-05-14,6500
260,24,2021-02-16,6500
259,24,2021-02-16,6500
254,24,2021-02-16,6500
252,24,2021-02-16,6500
251,24,2021-02-16,6500
256,24,2021-02-16,6500
261,24,2021-02-16,6500
258,24,2021-02-16,6500
255,24,2021-02-16,6500
257,24,2021-02-16,6500
253,24,2021-02-16,6500
2017,214,2020-12-26,5000
2012,214,2020-12-26,5000
2009,214,2020-12-26,5000
2013,214,2020-12-26,5000
2008,214,2020-12-26,5000
2011,214,2020-12-26,5000
2007,214,2020-12-26,5000
2006,214,2020-12-26,5000
2015,214,2020-12-26,5000
2014,214,2020-12-26,5000
2005,214,2020-12-26,5000
2016,214,2020-12-26,5000
2010,214,2020-12-26,5000
3462,367,2020-08-24,4000
3467,367,2020-08-24,4000
3454,367,2020-08-24,4000
3458,367,2020-08-24,4000
3457,367,2020-08-24,4000
3466,367,2020-08-24,4000
3465,367,2020-08-24,4000
3460,367,2020-08-24,4000
3464,367,2020-08-24,4000
3453,367,2020-08-24,4000
3452,367,2020-08-24,4000
3456,367,2020-08-24,4000
3463,367,2020-08-24,4000
3455,367,2020-08-24,4000
3459,367,2020-08-24,4000
3461,367,2020-08-24,4000
3451,367,2020-08-24,4000
2420,253,2021-11-28,6500
2419,253,2021-11-28,6500
680,69,2020-10-15,6500
676,69,2020-10-15,6500
673,69,2020-10-15,6500
685,69,2020-10-15,6500
684,69,2020-10-15,6500
686,69,2020-10-15,6500
683,69,2020-10-15,6500
675,69,2020-10-15,6500
674,69,2020-10-15,6500
672,69,2020-10-15,6500
678,69,2020-10-15,6500
679,69,2020-10-15,6500
682,69,2020-10-15,6500
681,69,2020-10-15,6500
677,69,2020-10-15,6500
1868,199,2020-12-20,6500
1863,199,2020-12-20,6500
1864,199,2020-12-20,6500
1865,199,2020-12-20,6500
1860,199,2020-12-20,6500
1861,199,2020-12-20,6500
1869,199,2020-12-20,6500
1872,199,2020-12-20,6500
1866,199,2020-12-20,6500
1867,199,2020-12-20,6500
1870,199,2020-12-20,6500
1871,199,2020-12-20,6500
1862,199,2020-12-20,6500
1072,119,2021-04-16,8500
1065,119,2021-04-16,8500
1068,119,2021-04-16,8500
1071,119,2021-04-16,8500
1070,119,2021-04-16,8500
1069,119,2021-04-16,8500
1064,119,2021-04-16,8500
1067,119,2021-04-16,8500
1066,119,2021-04-16,8500
1007,111,2020-08-13,5000
1022,111,2020-08-13,5000
1006,111,2020-08-13,5000
1015,111,2020-08-13,5000
1020,111,2020-08-13,5000
1013,111,2020-08-13,5000
1018,111,2020-08-13,5000
1010,111,2020-08-13,5000
1017,111,2020-08-13,5000
1011,111,2020-08-13,5000
1008,111,2020-08-13,5000
1014,111,2020-08-13,5000
1012,111,2020-08-13,5000
1021,111,2020-08-13,5000
1019,111,2020-08-13,5000
1016,111,2020-08-13,5000
1009,111,2020-08-13,5000
996,109,2021-03-14,4000
987,109,2021-03-14,4000
988,109,2021-03-14,4000
992,109,2021-03-14,4000
989,109,2021-03-14,4000
993,109,2021-03-14,4000
995,109,2021-03-14,4000
994,109,2021-03-14,4000
990,109,2021-03-14,4000
991,109,2021-03-14,4000
302,29,2020-05-04,9500
316,29,2020-05-04,9500
308,29,2020-05-04,9500
313,29,2020-05-04,9500
315,29,2020-05-04,9500
310,29,2020-05-04,9500
305,29,2020-05-04,9500
303,29,2020-05-04,9500
312,29,2020-05-04,9500
307,29,2020-05-04,9500
304,29,2020-05-04,9500
311,29,2020-05-04,9500
297,29,2020-05-04,9500
306,29,2020-05-04,9500
300,29,2020-05-04,9500
301,29,2020-05-04,9500
298,29,2020-05-04,9500
309,29,2020-05-04,9500
314,29,2020-05-04,9500
299,29,2020-05-04,9500
2149,225,2020-05-20,5000
2145,225,2020-05-20,5000
2147,225,2020-05-20,5000
2154,225,2020-05-20,5000
2157,225,2020-05-20,5000
2151,225,2020-05-20,5000
2142,225,2020-05-20,5000
2144,225,2020-05-20,5000
2141,225,2020-05-20,5000
2150,225,2020-05-20,5000
2146,225,2020-05-20,5000
2155,225,2020-05-20,5000
2158,225,2020-05-20,5000
2156,225,2020-05-20,5000
2140,225,2020-05-20,5000
2159,225,2020-05-20,5000
2153,225,2020-05-20,5000
2143,225,2020-05-20,5000
2152,225,2020-05-20,5000
2148,225,2020-05-20,5000
2196,229,2020-11-04,6500
2194,229,2020-11-04,6500
2197,229,2020-11-04,6500
2195,229,2020-11-04,6500
2189,229,2020-11-04,6500
2190,229,2020-11-04,6500
2185,229,2020-11-04,6500
2193,229,2020-11-04,6500
2192,229,2020-11-04,6500
2186,229,2020-11-04,6500
2188,229,2020-11-04,6500
2184,229,2020-11-04,6500
2187,229,2020-11-04,6500
2191,229,2020-11-04,6500
2780,289,2020-07-28,3000
2784,289,2020-07-28,3000
2779,289,2020-07-28,3000
2778,289,2020-07-28,3000
2769,289,2020-07-28,3000
2770,289,2020-07-28,3000
2785,289,2020-07-28,3000
2781,289,2020-07-28,3000
2771,289,2020-07-28,3000
2768,289,2020-07-28,3000
2783,289,2020-07-28,3000
2777,289,2020-07-28,3000
2772,289,2020-07-28,3000
2775,289,2020-07-28,3000
2773,289,2020-07-28,3000
2776,289,2020-07-28,3000
2774,289,2020-07-28,3000
2782,289,2020-07-28,3000
1807,194,2021-11-12,8500
1806,194,2021-11-12,8500
862,89,2021-08-28,5000
858,89,2021-08-28,5000
860,89,2021-08-28,5000
859,89,2021-08-28,5000
861,89,2021-08-28,5000
3258,347,2021-12-11,9500
38,6,2021-07-11,6500
37,6,2021-07-11,6500
33,6,2021-07-11,6500
34,6,2021-07-11,6500
36,6,2021-07-11,6500
35,6,2021-07-11,6500
1704,183,2021-05-05,9500
1708,183,2021-05-05,9500
1709,183,2021-05-05,9500
1707,183,2021-05-05,9500
1705,183,2021-05-05,9500
1706,183,2021-05-05,9500
1710,183,2021-05-05,9500
1703,183,2021-05-05,9500
1896,201,2020-06-10,8000
1895,201,2020-06-10,8000
1893,201,2020-06-10,8000
1900,201,2020-06-10,8000
1892,201,2020-06-10,8000
1887,201,2020-06-10,8000
1905,201,2020-06-10,8000
1904,201,2020-06-10,8000
1901,201,2020-06-10,8000
1894,201,2020-06-10,8000
1903,201,2020-06-10,8000
1902,201,2020-06-10,8000
1899,201,2020-06-10,8000
1888,201,2020-06-10,8000
1890,201,2020-06-10,8000
1891,201,2020-06-10,8000
1898,201,2020-06-10,8000
1897,201,2020-06-10,8000
1889,201,2020-06-10,8000
488,49,2020-10-28,9500
499,49,2020-10-28,9500
491,49,2020-10-28,9500
498,49,2020-10-28,9500
497,49,2020-10-28,9500
493,49,2020-10-28,9500
500,49,2020-10-28,9500
492,49,2020-10-28,9500
501,49,2020-10-28,9500
489,49,2020-10-28,9500
496,49,2020-10-28,9500
495,49,2020-10-28,9500
487,49,2020-10-28,9500
494,49,2020-10-28,9500
490,49,2020-10-28,9500
1912,202,2021-03-27,8000
1914,202,2021-03-27,8000
1911,202,2021-03-27,8000
1906,202,2021-03-27,8000
1915,202,2021-03-27,8000
1913,202,2021-03-27,8000
1908,202,2021-03-27,8000
1910,202,2021-03-27,8000
1909,202,2021-03-27,8000
1907,202,2021-03-27,8000
2662,279,2021-03-03,8000
2667,279,2021-03-03,8000
2660,279,2021-03-03,8000
2661,279,2021-03-03,8000
2664,279,2021-03-03,8000
2663,279,2021-03-03,8000
2659,279,2021-03-03,8000
2666,279,2021-03-03,8000
2668,279,2021-03-03,8000
2665,279,2021-03-03,8000
1507,164,2020-12-18,9500
1506,164,2020-12-18,9500
1512,164,2020-12-18,9500
1508,164,2020-12-18,9500
1509,164,2020-12-18,9500
1511,164,2020-12-18,9500
1514,164,2020-12-18,9500
1516,164,2020-12-18,9500
1510,164,2020-12-18,9500
1513,164,2020-12-18,9500
1504,164,2020-12-18,9500
1505,164,2020-12-18,9500
1515,164,2020-12-18,9500
2219,232,2020-11-15,5000
2214,232,2020-11-15,5000
2223,232,2020-11-15,5000
2225,232,2020-11-15,5000
2224,232,2020-11-15,5000
2227,232,2020-11-15,5000
2217,232,2020-11-15,5000
2222,232,2020-11-15,5000
2226,232,2020-11-15,5000
2216,232,2020-11-15,5000
2220,232,2020-11-15,5000
2221,232,2020-11-15,5000
2218,232,2020-11-15,5000
2215,232,2020-11-15,5000
1345,145,2021-09-02,7000
1344,145,2021-09-02,7000
1343,145,2021-09-02,7000
1342,145,2021-09-02,7000
590,60,2020-07-09,5000
604,60,2020-07-09,5000
599,60,2020-07-09,5000
592,60,2020-07-09,5000
593,60,2020-07-09,5000
606,60,2020-07-09,5000
600,60,2020-07-09,5000
601,60,2020-07-09,5000
597,60,2020-07-09,5000
594,60,2020-07-09,5000
591,60,2020-07-09,5000
602,60,2020-07-09,5000
605,60,2020-07-09,5000
595,60,2020-07-09,5000
603,60,2020-07-09,5000
596,60,2020-07-09,5000
607,60,2020-07-09,5000
598,60,2020-07-09,5000
628,63,2021-02-19,6500
623,63,2021-02-19,6500
624,63,2021-02-19,6500
621,63,2021-02-19,6500
627,63,2021-02-19,6500
619,63,2021-02-19,6500
626,63,2021-02-19,6500
625,63,2021-02-19,6500
622,63,2021-02-19,6500
618,63,2021-02-19,6500
620,63,2021-02-19,6500
1334,142,2020-12-07,8500
1335,142,2020-12-07,8500
1324,142,2020-12-07,8500
1325,142,2020-12-07,8500
1327,142,2020-12-07,8500
1330,142,2020-12-07,8500
1332,142,2020-12-07,8500
1326,142,2020-12-07,8500
1329,142,2020-12-07,8500
1331,142,2020-12-07,8500
1328,142,2020-12-07,8500
1333,142,2020-12-07,8500
1323,142,2020-12-07,8500
1449,156,2020-09-18,6500
1442,156,2020-09-18,6500
1441,156,2020-09-18,6500
1440,156,2020-09-18,6500
1447,156,2020-09-18,6500
1438,156,2020-09-18,6500
1435,156,2020-09-18,6500
1434,156,2020-09-18,6500
1446,156,2020-09-18,6500
1448,156,2020-09-18,6500
1445,156,2020-09-18,6500
1439,156,2020-09-18,6500
1436,156,2020-09-18,6500
1443,156,2020-09-18,6500
1437,156,2020-09-18,6500
1444,156,2020-09-18,6500
356,34,2021-04-01,9500
357,34,2021-04-01,9500
353,34,2021-04-01,9500
350,34,2021-04-01,9500
351,34,2021-04-01,9500
352,34,2021-04-01,9500
354,34,2021-04-01,9500
355,34,2021-04-01,9500
358,34,2021-04-01,9500
3182,337,2021-03-14,5000
3180,337,2021-03-14,5000
3179,337,2021-03-14,5000
3183,337,2021-03-14,5000
3177,337,2021-03-14,5000
3184,337,2021-03-14,5000
3185,337,2021-03-14,5000
3181,337,2021-03-14,5000
3186,337,2021-03-14,5000
3178,337,2021-03-14,5000
1244,136,2021-02-15,5500
1248,136,2021-02-15,5500
1249,136,2021-02-15,5500
1245,136,2021-02-15,5500
1247,136,2021-02-15,5500
1242,136,2021-02-15,5500
1250,136,2021-02-15,5500
1241,136,2021-02-15,5500
1246,136,2021-02-15,5500
1243,136,2021-02-15,5500
1251,136,2021-02-15,5500
805,84,2021-05-09,5000
798,84,2021-05-09,5000
803,84,2021-05-09,5000
804,84,2021-05-09,5000
802,84,2021-05-09,5000
800,84,2021-05-09,5000
801,84,2021-05-09,5000
799,84,2021-05-09,5000
1921,203,2021-07-04,8500
1917,203,2021-07-04,8500
1918,203,2021-07-04,8500
1920,203,2021-07-04,8500
1919,203,2021-07-04,8500
1916,203,2021-07-04,8500
883,91,2020-11-17,7500
870,91,2020-11-17,7500
872,91,2020-11-17,7500
880,91,2020-11-17,7500
879,91,2020-11-17,7500
881,91,2020-11-17,7500
877,91,2020-11-17,7500
875,91,2020-11-17,7500
878,91,2020-11-17,7500
876,91,2020-11-17,7500
873,91,2020-11-17,7500
882,91,2020-11-17,7500
874,91,2020-11-17,7500
871,91,2020-11-17,7500
3063,322,2021-10-24,5000
3062,322,2021-10-24,5000
3061,322,2021-10-24,5000
984,108,2020-10-30,5000
980,108,2020-10-30,5000
986,108,2020-10-30,5000
977,108,2020-10-30,5000
983,108,2020-10-30,5000
985,108,2020-10-30,5000
973,108,2020-10-30,5000
972,108,2020-10-30,5000
976,108,2020-10-30,5000
982,108,2020-10-30,5000
974,108,2020-10-30,5000
975,108,2020-10-30,5000
979,108,2020-10-30,5000
978,108,2020-10-30,5000
981,108,2020-10-30,5000
2492,261,2021-11-09,4500
2491,261,2021-11-09,4500
1777,190,2020-07-05,3000
1779,190,2020-07-05,3000
1775,190,2020-07-05,3000
1781,190,2020-07-05,3000
1783,190,2020-07-05,3000
1782,190,2020-07-05,3000
1786,190,2020-07-05,3000
1776,190,2020-07-05,3000
1785,190,2020-07-05,3000
1792,190,2020-07-05,3000
1784,190,2020-07-05,3000
1788,190,2020-07-05,3000
1780,190,2020-07-05,3000
1790,190,2020-07-05,3000
1789,190,2020-07-05,3000
1791,190,2020-07-05,3000
1787,190,2020-07-05,3000
1778,190,2020-07-05,3000
449,46,2021-01-24,4000
457,46,2021-01-24,4000
453,46,2021-01-24,4000
451,46,2021-01-24,4000
448,46,2021-01-24,4000
452,46,2021-01-24,4000
455,46,2021-01-24,4000
450,46,2021-01-24,4000
456,46,2021-01-24,4000
447,46,2021-01-24,4000
446,46,2021-01-24,4000
454,46,2021-01-24,4000
2322,240,2021-09-01,7000
2320,240,2021-09-01,7000
2321,240,2021-09-01,7000
2319,240,2021-09-01,7000
742,79,2021-12-14,6500
3234,344,2021-10-06,4000
3232,344,2021-10-06,4000
3233,344,2021-10-06,4000
2539,267,2021-05-07,9500
2541,267,2021-05-07,9500
2538,267,2021-05-07,9500
2540,267,2021-05-07,9500
2537,267,2021-05-07,9500
2544,267,2021-05-07,9500
2543,267,2021-05-07,9500
2542,267,2021-05-07,9500
637,65,2021-06-27,5000
641,65,2021-06-27,5000
638,65,2021-06-27,5000
635,65,2021-06-27,5000
639,65,2021-06-27,5000
636,65,2021-06-27,5000
640,65,2021-06-27,5000
334,31,2020-11-27,8000
340,31,2020-11-27,8000
337,31,2020-11-27,8000
338,31,2020-11-27,8000
330,31,2020-11-27,8000
339,31,2020-11-27,8000
333,31,2020-11-27,8000
336,31,2020-11-27,8000
329,31,2020-11-27,8000
331,31,2020-11-27,8000
328,31,2020-11-27,8000
335,31,2020-11-27,8000
332,31,2020-11-27,8000
341,31,2020-11-27,8000
436,45,2021-02-02,6500
441,45,2021-02-02,6500
440,45,2021-02-02,6500
444,45,2021-02-02,6500
443,45,2021-02-02,6500
445,45,2021-02-02,6500
438,45,2021-02-02,6500
437,45,2021-02-02,6500
439,45,2021-02-02,6500
442,45,2021-02-02,6500
435,45,2021-02-02,6500
634,64,2021-07-18,7000
629,64,2021-07-18,7000
632,64,2021-07-18,7000
631,64,2021-07-18,7000
633,64,2021-07-18,7000
630,64,2021-07-18,7000
2562,269,2021-10-16,9500
2560,269,2021-10-16,9500
2561,269,2021-10-16,9500
2761,288,2020-08-16,9500
2766,288,2020-08-16,9500
2759,288,2020-08-16,9500
2751,288,2020-08-16,9500
2757,288,2020-08-16,9500
2755,288,2020-08-16,9500
2752,288,2020-08-16,9500
2756,288,2020-08-16,9500
2763,288,2020-08-16,9500
2753,288,2020-08-16,9500
2767,288,2020-08-16,9500
2764,288,2020-08-16,9500
2754,288,2020-08-16,9500
2765,288,2020-08-16,9500
2760,288,2020-08-16,9500
2758,288,2020-08-16,9500
2762,288,2020-08-16,9500
2942,308,2020-07-28,5500
2943,308,2020-07-28,5500
2959,308,2020-07-28,5500
2948,308,2020-07-28,5500
2952,308,2020-07-28,5500
2950,308,2020-07-28,5500
2955,308,2020-07-28,5500
2949,308,2020-07-28,5500
2956,308,2020-07-28,5500
2954,308,2020-07-28,5500
2957,308,2020-07-28,5500
2958,308,2020-07-28,5500
2947,308,2020-07-28,5500
2944,308,2020-07-28,5500
2946,308,2020-07-28,5500
2951,308,2020-07-28,5500
2945,308,2020-07-28,5500
2953,308,2020-07-28,5500
1846,197,2020-11-02,4000
1841,197,2020-11-02,4000
1845,197,2020-11-02,4000
1836,197,2020-11-02,4000
1842,197,2020-11-02,4000
1843,197,2020-11-02,4000
1839,197,2020-11-02,4000
1838,197,2020-11-02,4000
1837,197,2020-11-02,4000
1835,197,2020-11-02,4000
1840,197,2020-11-02,4000
1847,197,2020-11-02,4000
1844,197,2020-11-02,4000
1834,197,2020-11-02,4000
1162,129,2020-07-20,9500
1171,129,2020-07-20,9500
1173,129,2020-07-20,9500
1160,129,2020-07-20,9500
1175,129,2020-07-20,9500
1168,129,2020-07-20,9500
1165,129,2020-07-20,9500
1170,129,2020-07-20,9500
1172,129,2020-07-20,9500
1167,129,2020-07-20,9500
1158,129,2020-07-20,9500
1159,129,2020-07-20,9500
1166,129,2020-07-20,9500
1163,129,2020-07-20,9500
1169,129,2020-07-20,9500
1174,129,2020-07-20,9500
1161,129,2020-07-20,9500
1164,129,2020-07-20,9500
2836,294,2021-06-28,5000
2832,294,2021-06-28,5000
2833,294,2021-06-28,5000
2834,294,2021-06-28,5000
2830,294,2021-06-28,5000
2835,294,2021-06-28,5000
2831,294,2021-06-28,5000
459,47,2020-08-16,9500
464,47,2020-08-16,9500
472,47,2020-08-16,9500
467,47,2020-08-16,9500
465,47,2020-08-16,9500
466,47,2020-08-16,9500
463,47,2020-08-16,9500
473,47,2020-08-16,9500
468,47,2020-08-16,9500
470,47,2020-08-16,9500
458,47,2020-08-16,9500
469,47,2020-08-16,9500
462,47,2020-08-16,9500
460,47,2020-08-16,9500
471,47,2020-08-16,9500
474,47,2020-08-16,9500
461,47,2020-08-16,9500
2583,273,2021-06-23,6500
2580,273,2021-06-23,6500
2585,273,2021-06-23,6500
2584,273,2021-06-23,6500
2581,273,2021-06-23,6500
2582,273,2021-06-23,6500
2579,273,2021-06-23,6500
2003,213,2020-07-06,3000
1997,213,2020-07-06,3000
1992,213,2020-07-06,3000
1990,213,2020-07-06,3000
1994,213,2020-07-06,3000
2000,213,2020-07-06,3000
1991,213,2020-07-06,3000
1998,213,2020-07-06,3000
1988,213,2020-07-06,3000
2002,213,2020-07-06,3000
1996,213,2020-07-06,3000
2001,213,2020-07-06,3000
1995,213,2020-07-06,3000
1987,213,2020-07-06,3000
1993,213,2020-07-06,3000
1999,213,2020-07-06,3000
1989,213,2020-07-06,3000
2004,213,2020-07-06,3000
819,86,2021-06-21,6500
820,86,2021-06-21,6500
817,86,2021-06-21,6500
821,86,2021-06-21,6500
816,86,2021-06-21,6500
822,86,2021-06-21,6500
818,86,2021-06-21,6500
2266,235,2020-06-19,5000
2253,235,2020-06-19,5000
2252,235,2020-06-19,5000
2261,235,2020-06-19,5000
2260,235,2020-06-19,5000
2258,235,2020-06-19,5000
2267,235,2020-06-19,5000
2251,235,2020-06-19,5000
2254,235,2020-06-19,5000
2265,235,2020-06-19,5000
2262,235,2020-06-19,5000
2264,235,2020-06-19,5000
2255,235,2020-06-19,5000
2257,235,2020-06-19,5000
2268,235,2020-06-19,5000
2256,235,2020-06-19,5000
2263,235,2020-06-19,5000
2259,235,2020-06-19,5000
2269,235,2020-06-19,5000
2057,217,2021-12-21,9500
39,7,2020-09-28,6500
48,7,2020-09-28,6500
49,7,2020-09-28,6500
54,7,2020-09-28,6500
47,7,2020-09-28,6500
46,7,2020-09-28,6500
44,7,2020-09-28,6500
51,7,2020-09-28,6500
40,7,2020-09-28,6500
41,7,2020-09-28,6500
42,7,2020-09-28,6500
52,7,2020-09-28,6500
45,7,2020-09-28,6500
53,7,2020-09-28,6500
43,7,2020-09-28,6500
50,7,2020-09-28,6500
3009,312,2021-03-10,5000
3000,312,2021-03-10,5000
3003,312,2021-03-10,5000
3004,312,2021-03-10,5000
3002,312,2021-03-10,5000
3007,312,2021-03-10,5000
3008,312,2021-03-10,5000
3005,312,2021-03-10,5000
3001,312,2021-03-10,5000
3006,312,2021-03-10,5000
2740,286,2021-03-14,4000
2741,286,2021-03-14,4000
2739,286,2021-03-14,4000
2743,286,2021-03-14,4000
2736,286,2021-03-14,4000
2742,286,2021-03-14,4000
2744,286,2021-03-14,4000
2737,286,2021-03-14,4000
2735,286,2021-03-14,4000
2738,286,2021-03-14,4000
2285,236,2020-05-18,6500
2276,236,2020-05-18,6500
2282,236,2020-05-18,6500
2270,236,2020-05-18,6500
2277,236,2020-05-18,6500
2271,236,2020-05-18,6500
2289,236,2020-05-18,6500
2272,236,2020-05-18,6500
2279,236,2020-05-18,6500
2287,236,2020-05-18,6500
2284,236,2020-05-18,6500
2273,236,2020-05-18,6500
2286,236,2020-05-18,6500
2274,236,2020-05-18,6500
2278,236,2020-05-18,6500
2281,236,2020-05-18,6500
2280,236,2020-05-18,6500
2288,236,2020-05-18,6500
2275,236,2020-05-18,6500
2283,236,2020-05-18,6500
721,76,2021-09-26,5000
719,76,2021-09-26,5000
720,76,2021-09-26,5000
722,76,2021-09-26,5000
2378,249,2021-11-25,9500
2377,249,2021-11-25,9500
58,8,2020-05-08,5000
67,8,2020-05-08,5000
70,8,2020-05-08,5000
69,8,2020-05-08,5000
74,8,2020-05-08,5000
62,8,2020-05-08,5000
61,8,2020-05-08,5000
59,8,2020-05-08,5000
64,8,2020-05-08,5000
63,8,2020-05-08,5000
60,8,2020-05-08,5000
55,8,2020-05-08,5000
57,8,2020-05-08,5000
73,8,2020-05-08,5000
65,8,2020-05-08,5000
56,8,2020-05-08,5000
71,8,2020-05-08,5000
72,8,2020-05-08,5000
68,8,2020-05-08,5000
66,8,2020-05-08,5000
2380,250,2020-08-26,4000
2387,250,2020-08-26,4000
2394,250,2020-08-26,4000
2388,250,2020-08-26,4000
2395,250,2020-08-26,4000
2382,250,2020-08-26,4000
2391,250,2020-08-26,4000
2381,250,2020-08-26,4000
2384,250,2020-08-26,4000
2379,250,2020-08-26,4000
2386,250,2020-08-26,4000
2383,250,2020-08-26,4000
2392,250,2020-08-26,4000
2393,250,2020-08-26,4000
2385,250,2020-08-26,4000
2389,250,2020-08-26,4000
2390,250,2020-08-26,4000
342,32,2021-11-10,5000
343,32,2021-11-10,5000
1732,185,2021-10-03,6500
1733,185,2021-10-03,6500
1731,185,2021-10-03,6500
748,80,2020-09-24,5000
756,80,2020-09-24,5000
743,80,2020-09-24,5000
757,80,2020-09-24,5000
747,80,2020-09-24,5000
745,80,2020-09-24,5000
753,80,2020-09-24,5000
755,80,2020-09-24,5000
744,80,2020-09-24,5000
754,80,2020-09-24,5000
750,80,2020-09-24,5000
752,80,2020-09-24,5000
746,80,2020-09-24,5000
749,80,2020-09-24,5000
758,80,2020-09-24,5000
751,80,2020-09-24,5000
3321,352,2020-08-20,5000
3320,352,2020-08-20,5000
3318,352,2020-08-20,5000
3316,352,2020-08-20,5000
3311,352,2020-08-20,5000
3327,352,2020-08-20,5000
3325,352,2020-08-20,5000
3323,352,2020-08-20,5000
3317,352,2020-08-20,5000
3315,352,2020-08-20,5000
3312,352,2020-08-20,5000
3314,352,2020-08-20,5000
3326,352,2020-08-20,5000
3319,352,2020-08-20,5000
3324,352,2020-08-20,5000
3322,352,2020-08-20,5000
3313,352,2020-08-20,5000
814,85,2021-03-21,7000
815,85,2021-03-21,7000
807,85,2021-03-21,7000
808,85,2021-03-21,7000
809,85,2021-03-21,7000
813,85,2021-03-21,7000
810,85,2021-03-21,7000
812,85,2021-03-21,7000
806,85,2021-03-21,7000
811,85,2021-03-21,7000
97,10,2020-08-09,5000
98,10,2020-08-09,5000
90,10,2020-08-09,5000
95,10,2020-08-09,5000
105,10,2020-08-09,5000
93,10,2020-08-09,5000
94,10,2020-08-09,5000
101,10,2020-08-09,5000
104,10,2020-08-09,5000
99,10,2020-08-09,5000
103,10,2020-08-09,5000
106,10,2020-08-09,5000
92,10,2020-08-09,5000
91,10,2020-08-09,5000
96,10,2020-08-09,5000
100,10,2020-08-09,5000
102,10,2020-08-09,5000
3430,365,2021-09-19,5000
3429,365,2021-09-19,5000
3431,365,2021-09-19,5000
3428,365,2021-09-19,5000
1926,204,2021-07-20,4500
1922,204,2021-07-20,4500
1927,204,2021-07-20,4500
1924,204,2021-07-20,4500
1923,204,2021-07-20,4500
1925,204,2021-07-20,4500
3045,319,2021-06-18,6500
3048,319,2021-06-18,6500
3044,319,2021-06-18,6500
3046,319,2021-06-18,6500
3047,319,2021-06-18,6500
3049,319,2021-06-18,6500
3050,319,2021-06-18,6500
1748,186,2020-07-17,4500
1734,186,2020-07-17,4500
1749,186,2020-07-17,4500
1751,186,2020-07-17,4500
1744,186,2020-07-17,4500
1740,186,2020-07-17,4500
1743,186,2020-07-17,4500
1746,186,2020-07-17,4500
1750,186,2020-07-17,4500
1741,186,2020-07-17,4500
1745,186,2020-07-17,4500
1736,186,2020-07-17,4500
1737,186,2020-07-17,4500
1735,186,2020-07-17,4500
1739,186,2020-07-17,4500
1747,186,2020-07-17,4500
1738,186,2020-07-17,4500
1742,186,2020-07-17,4500
2718,284,2021-05-31,8000
2717,284,2021-05-31,8000
2719,284,2021-05-31,8000
2721,284,2021-05-31,8000
2716,284,2021-05-31,8000
2720,284,2021-05-31,8000
2714,284,2021-05-31,8000
2715,284,2021-05-31,8000
1474,158,2020-05-21,6500
1458,158,2020-05-21,6500
1466,158,2020-05-21,6500
1462,158,2020-05-21,6500
1457,158,2020-05-21,6500
1459,158,2020-05-21,6500
1468,158,2020-05-21,6500
1463,158,2020-05-21,6500
1461,158,2020-05-21,6500
1470,158,2020-05-21,6500
1469,158,2020-05-21,6500
1456,158,2020-05-21,6500
1473,158,2020-05-21,6500
1465,158,2020-05-21,6500
1464,158,2020-05-21,6500
1472,158,2020-05-21,6500
1460,158,2020-05-21,6500
1467,158,2020-05-21,6500
1475,158,2020-05-21,6500
1471,158,2020-05-21,6500
1408,152,2021-11-18,8500
1407,152,2021-11-18,8500
3078,325,2020-07-24,6500
3091,325,2020-07-24,6500
3077,325,2020-07-24,6500
3087,325,2020-07-24,6500
3076,325,2020-07-24,6500
3090,325,2020-07-24,6500
3081,325,2020-07-24,6500
3092,325,2020-07-24,6500
3080,325,2020-07-24,6500
3088,325,2020-07-24,6500
3079,325,2020-07-24,6500
3083,325,2020-07-24,6500
3084,325,2020-07-24,6500
3086,325,2020-07-24,6500
3082,325,2020-07-24,6500
3075,325,2020-07-24,6500
3089,325,2020-07-24,6500
3085,325,2020-07-24,6500
1585,171,2021-03-11,3500
1586,171,2021-03-11,3500
1578,171,2021-03-11,3500
1581,171,2021-03-11,3500
1584,171,2021-03-11,3500
1580,171,2021-03-11,3500
1587,171,2021-03-11,3500
1583,171,2021-03-11,3500
1582,171,2021-03-11,3500
1579,171,2021-03-11,3500
1960,207,2020-07-27,3000
1956,207,2020-07-27,3000
1946,207,2020-07-27,3000
1955,207,2020-07-27,3000
1948,207,2020-07-27,3000
1963,207,2020-07-27,3000
1949,207,2020-07-27,3000
1952,207,2020-07-27,3000
1962,207,2020-07-27,3000
1954,207,2020-07-27,3000
1951,207,2020-07-27,3000
1961,207,2020-07-27,3000
1953,207,2020-07-27,3000
1950,207,2020-07-27,3000
1958,207,2020-07-27,3000
1957,207,2020-07-27,3000
1959,207,2020-07-27,3000
1947,207,2020-07-27,3000
1404,151,2021-07-28,6500
1401,151,2021-07-28,6500
1405,151,2021-07-28,6500
1402,151,2021-07-28,6500
1406,151,2021-07-28,6500
1403,151,2021-07-28,6500
1769,188,2020-12-01,5500
1765,188,2020-12-01,5500
1764,188,2020-12-01,5500
1760,188,2020-12-01,5500
1768,188,2020-12-01,5500
1762,188,2020-12-01,5500
1772,188,2020-12-01,5500
1767,188,2020-12-01,5500
1763,188,2020-12-01,5500
1770,188,2020-12-01,5500
1771,188,2020-12-01,5500
1766,188,2020-12-01,5500
1761,188,2020-12-01,5500
425,41,2021-02-10,5500
418,41,2021-02-10,5500
424,41,2021-02-10,5500
419,41,2021-02-10,5500
416,41,2021-02-10,5500
417,41,2021-02-10,5500
420,41,2021-02-10,5500
422,41,2021-02-10,5500
423,41,2021-02-10,5500
421,41,2021-02-10,5500
426,41,2021-02-10,5500
2920,306,2020-08-26,4000
2931,306,2020-08-26,4000
2922,306,2020-08-26,4000
2935,306,2020-08-26,4000
2926,306,2020-08-26,4000
2930,306,2020-08-26,4000
2929,306,2020-08-26,4000
2924,306,2020-08-26,4000
2919,306,2020-08-26,4000
2923,306,2020-08-26,4000
2921,306,2020-08-26,4000
2928,306,2020-08-26,4000
2925,306,2020-08-26,4000
2934,306,2020-08-26,4000
2933,306,2020-08-26,4000
2932,306,2020-08-26,4000
2927,306,2020-08-26,4000
1217,134,2021-04-02,5000
1215,134,2021-04-02,5000
1212,134,2021-04-02,5000
1213,134,2021-04-02,5000
1216,134,2021-04-02,5000
1220,134,2021-04-02,5000
1214,134,2021-04-02,5000
1219,134,2021-04-02,5000
1218,134,2021-04-02,5000
178,18,2020-12-09,5000
185,18,2020-12-09,5000
186,18,2020-12-09,5000
180,18,2020-12-09,5000
179,18,2020-12-09,5000
183,18,2020-12-09,5000
189,18,2020-12-09,5000
184,18,2020-12-09,5000
182,18,2020-12-09,5000
181,18,2020-12-09,5000
177,18,2020-12-09,5000
188,18,2020-12-09,5000
187,18,2020-12-09,5000
3034,318,2021-01-13,5000
3040,318,2021-01-13,5000
3041,318,2021-01-13,5000
3039,318,2021-01-13,5000
3033,318,2021-01-13,5000
3035,318,2021-01-13,5000
3036,318,2021-01-13,5000
3038,318,2021-01-13,5000
3043,318,2021-01-13,5000
3042,318,2021-01-13,5000
3037,318,2021-01-13,5000
3032,318,2021-01-13,5000
2090,220,2021-10-17,8500
2089,220,2021-10-17,8500
2088,220,2021-10-17,8500
2815,293,2020-10-25,5000
2816,293,2020-10-25,5000
2819,293,2020-10-25,5000
2823,293,2020-10-25,5000
2826,293,2020-10-25,5000
2817,293,2020-10-25,5000
2827,293,2020-10-25,5000
2818,293,2020-10-25,5000
2822,293,2020-10-25,5000
2825,293,2020-10-25,5000
2821,293,2020-10-25,5000
2824,293,2020-10-25,5000
2820,293,2020-10-25,5000
2828,293,2020-10-25,5000
2829,293,2020-10-25,5000
922,98,2020-07-08,5000
925,98,2020-07-08,5000
927,98,2020-07-08,5000
919,98,2020-07-08,5000
912,98,2020-07-08,5000
920,98,2020-07-08,5000
918,98,2020-07-08,5000
923,98,2020-07-08,5000
926,98,2020-07-08,5000
924,98,2020-07-08,5000
916,98,2020-07-08,5000
921,98,2020-07-08,5000
914,98,2020-07-08,5000
917,98,2020-07-08,5000
913,98,2020-07-08,5000
928,98,2020-07-08,5000
915,98,2020-07-08,5000
911,98,2020-07-08,5000
1811,195,2020-08-05,7500
1814,195,2020-08-05,7500
1813,195,2020-08-05,7500
1823,195,2020-08-05,7500
1816,195,2020-08-05,7500
1818,195,2020-08-05,7500
1819,195,2020-08-05,7500
1808,195,2020-08-05,7500
1822,195,2020-08-05,7500
1812,195,2020-08-05,7500
1815,195,2020-08-05,7500
1820,195,2020-08-05,7500
1817,195,2020-08-05,7500
1809,195,2020-08-05,7500
1821,195,2020-08-05,7500
1824,195,2020-08-05,7500
1810,195,2020-08-05,7500
1875,200,2020-11-07,9500
1878,200,2020-11-07,9500
1883,200,2020-11-07,9500
1880,200,2020-11-07,9500
1881,200,2020-11-07,9500
1873,200,2020-11-07,9500
1877,200,2020-11-07,9500
1885,200,2020-11-07,9500
1876,200,2020-11-07,9500
1882,200,2020-11-07,9500
1886,200,2020-11-07,9500
1879,200,2020-11-07,9500
1874,200,2020-11-07,9500
1884,200,2020-11-07,9500
1793,191,2021-07-06,6500
1795,191,2021-07-06,6500
1798,191,2021-07-06,6500
1797,191,2021-07-06,6500
1796,191,2021-07-06,6500
1794,191,2021-07-06,6500
1001,110,2021-04-30,8500
997,110,2021-04-30,8500
1002,110,2021-04-30,8500
1004,110,2021-04-30,8500
999,110,2021-04-30,8500
998,110,2021-04-30,8500
1005,110,2021-04-30,8500
1003,110,2021-04-30,8500
1000,110,2021-04-30,8500
3019,315,2021-11-17,5500
3020,315,2021-11-17,5500
2679,281,2021-04-01,4500
2684,281,2021-04-01,4500
2682,281,2021-04-01,4500
2687,281,2021-04-01,4500
2686,281,2021-04-01,4500
2681,281,2021-04-01,4500
2683,281,2021-04-01,4500
2680,281,2021-04-01,4500
2685,281,2021-04-01,4500
892,95,2021-08-07,8000
889,95,2021-08-07,8000
888,95,2021-08-07,8000
890,95,2021-08-07,8000
891,95,2021-08-07,8000
20,3,2021-01-31,5000
14,3,2021-01-31,5000
15,3,2021-01-31,5000
17,3,2021-01-31,5000
21,3,2021-01-31,5000
16,3,2021-01-31,5000
19,3,2021-01-31,5000
24,3,2021-01-31,5000
22,3,2021-01-31,5000
23,3,2021-01-31,5000
13,3,2021-01-31,5000
18,3,2021-01-31,5000
2559,268,2020-10-31,9500
2548,268,2020-10-31,9500
2550,268,2020-10-31,9500
2546,268,2020-10-31,9500
2551,268,2020-10-31,9500
2556,268,2020-10-31,9500
2549,268,2020-10-31,9500
2547,268,2020-10-31,9500
2545,268,2020-10-31,9500
2555,268,2020-10-31,9500
2554,268,2020-10-31,9500
2553,268,2020-10-31,9500
2552,268,2020-10-31,9500
2558,268,2020-10-31,9500
2557,268,2020-10-31,9500
2354,246,2021-10-20,3500
2355,246,2021-10-20,3500
2356,246,2021-10-20,3500
2527,265,2021-07-10,7500
2529,265,2021-07-10,7500
2530,265,2021-07-10,7500
2526,265,2021-07-10,7500
2531,265,2021-07-10,7500
2528,265,2021-07-10,7500
3416,362,2021-04-18,5000
3412,362,2021-04-18,5000
3415,362,2021-04-18,5000
3411,362,2021-04-18,5000
3418,362,2021-04-18,5000
3419,362,2021-04-18,5000
3413,362,2021-04-18,5000
3414,362,2021-04-18,5000
3417,362,2021-04-18,5000
2313,239,2021-02-18,6500
2311,239,2021-02-18,6500
2309,239,2021-02-18,6500
2308,239,2021-02-18,6500
2314,239,2021-02-18,6500
2315,239,2021-02-18,6500
2317,239,2021-02-18,6500
2318,239,2021-02-18,6500
2310,239,2021-02-18,6500
2312,239,2021-02-18,6500
2316,239,2021-02-18,6500
1799,192,2021-07-25,6500
1800,192,2021-07-25,6500
1803,192,2021-07-25,6500
1804,192,2021-07-25,6500
1802,192,2021-07-25,6500
1801,192,2021-07-25,6500
958,104,2021-05-20,5500
957,104,2021-05-20,5500
959,104,2021-05-20,5500
952,104,2021-05-20,5500
953,104,2021-05-20,5500
956,104,2021-05-20,5500
954,104,2021-05-20,5500
955,104,2021-05-20,5500
692,71,2021-08-31,6500
693,71,2021-08-31,6500
690,71,2021-08-31,6500
691,71,2021-08-31,6500
694,71,2021-08-31,6500
31,5,2021-10-07,4500
32,5,2021-10-07,4500
30,5,2021-10-07,4500
1128,125,2020-05-31,3500
1134,125,2020-05-31,3500
1139,125,2020-05-31,3500
1131,125,2020-05-31,3500
1136,125,2020-05-31,3500
1137,125,2020-05-31,3500
1140,125,2020-05-31,3500
1141,125,2020-05-31,3500
1135,125,2020-05-31,3500
1133,125,2020-05-31,3500
1145,125,2020-05-31,3500
1127,125,2020-05-31,3500
1129,125,2020-05-31,3500
1142,125,2020-05-31,3500
1144,125,2020-05-31,3500
1132,125,2020-05-31,3500
1130,125,2020-05-31,3500
1143,125,2020-05-31,3500
1138,125,2020-05-31,3500
1126,125,2020-05-31,3500
2172,227,2020-11-04,3000
2178,227,2020-11-04,3000
2181,227,2020-11-04,3000
2169,227,2020-11-04,3000
2170,227,2020-11-04,3000
2180,227,2020-11-04,3000
2177,227,2020-11-04,3000
2171,227,2020-11-04,3000
2176,227,2020-11-04,3000
2173,227,2020-11-04,3000
2174,227,2020-11-04,3000
2179,227,2020-11-04,3000
2175,227,2020-11-04,3000
2168,227,2020-11-04,3000
1121,124,2020-11-08,9500
1116,124,2020-11-08,9500
1112,124,2020-11-08,9500
1125,124,2020-11-08,9500
1115,124,2020-11-08,9500
1117,124,2020-11-08,9500
1113,124,2020-11-08,9500
1114,124,2020-11-08,9500
1122,124,2020-11-08,9500
1124,124,2020-11-08,9500
1120,124,2020-11-08,9500
1118,124,2020-11-08,9500
1123,124,2020-11-08,9500
1119,124,2020-11-08,9500
1396,150,2020-07-16,8000
1393,150,2020-07-16,8000
1388,150,2020-07-16,8000
1398,150,2020-07-16,8000
1395,150,2020-07-16,8000
1386,150,2020-07-16,8000
1392,150,2020-07-16,8000
1389,150,2020-07-16,8000
1397,150,2020-07-16,8000
1385,150,2020-07-16,8000
1390,150,2020-07-16,8000
1399,150,2020-07-16,8000
1387,150,2020-07-16,8000
1391,150,2020-07-16,8000
1400,150,2020-07-16,8000
1384,150,2020-07-16,8000
1383,150,2020-07-16,8000
1394,150,2020-07-16,8000
3017,314,2021-06-09,6500
3014,314,2021-06-09,6500
3012,314,2021-06-09,6500
3015,314,2021-06-09,6500
3016,314,2021-06-09,6500
3018,314,2021-06-09,6500
3013,314,2021-06-09,6500
